hdx_adm3_pcode,hdx_name,hdx_district,big_kdcpum_candidate,big_name,big_district,overlap_smaller_area,intersection_over_union,review_status
ID3101010,Kepulauan Seribu Selatan,Kepulauan Seribu,31.01.02,Kepulauan Seribu Selatan.,Administrasi Kepulauan Seribu,0.8268,0.6472,hold_boundary_or_split
ID3101020,Kepulauan Seribu Utara,Kepulauan Seribu,31.01.01,Kepulauan Seribu Utara,Administrasi Kepulauan Seribu,0.6933,0.4928,hold_boundary_or_split
ID3171010,Jagakarsa,Kota Jakarta Selatan,31.74.09,Jagakarsa,Kota Administrasi Jakarta Selatan,0.9834,0.9602,candidate_same_name
ID3171020,Pasar Minggu,Kota Jakarta Selatan,31.74.04,Pasar Minggu,Kota Administrasi Jakarta Selatan,0.9838,0.9676,candidate_same_name
ID3171030,Cilandak,Kota Jakarta Selatan,31.74.06,Cilandak,Kota Administrasi Jakarta Selatan,0.9838,0.964,candidate_same_name
ID3171040,Pesanggrahan,Kota Jakarta Selatan,31.74.10,Pesanggrahan,Kota Administrasi Jakarta Selatan,0.9816,0.9529,candidate_same_name
ID3171050,Kebayoran Lama,Kota Jakarta Selatan,31.74.05,Kebayoran Lama,Kota Administrasi Jakarta Selatan,0.9826,0.961,candidate_same_name
ID3171060,Kebayoran Baru,Kota Jakarta Selatan,31.74.07,Kebayoran Baru,Kota Administrasi Jakarta Selatan,0.9874,0.9683,candidate_same_name
ID3171070,Mampang Prapatan,Kota Jakarta Selatan,31.74.03,Mampang Prapatan,Kota Administrasi Jakarta Selatan,0.9839,0.9578,candidate_same_name
ID3171080,Pancoran,Kota Jakarta Selatan,31.74.08,Pancoran,Kota Administrasi Jakarta Selatan,0.9893,0.9655,candidate_same_name
ID3171090,Tebet,Kota Jakarta Selatan,31.74.01,Tebet,Kota Administrasi Jakarta Selatan,0.9843,0.9633,candidate_same_name
ID3171100,Setia Budi,Kota Jakarta Selatan,31.74.02,Setiabudi,Kota Administrasi Jakarta Selatan,0.9806,0.9603,candidate_same_name
ID3172010,Pasar Rebo,Kota Jakarta Timur,31.75.05,Pasar Rebo,Kota Administrasi Jakarta Timur,0.9823,0.9078,candidate_same_name
ID3172020,Ciracas,Kota Jakarta Timur,31.75.09,Ciracas,Kota Administrasi Jakarta Timur,0.9861,0.965,candidate_same_name
ID3172030,Cipayung,Kota Jakarta Timur,31.75.10,Cipayung,Kota Administrasi Jakarta Timur,0.9898,0.9717,candidate_same_name
ID3172040,Makasar,Kota Jakarta Timur,31.75.08,Makasar,Kota Administrasi Jakarta Timur,0.9876,0.9611,candidate_same_name
ID3172050,Kramat Jati,Kota Jakarta Timur,31.75.04,Kramatjati,Kota Administrasi Jakarta Timur,0.9812,0.9452,candidate_same_name
ID3172060,Jatinegara,Kota Jakarta Timur,31.75.03,Jatinegara,Kota Administrasi Jakarta Timur,0.9813,0.9573,candidate_same_name
ID3172070,Duren Sawit,Kota Jakarta Timur,31.75.07,Duren Sawit,Kota Administrasi Jakarta Timur,0.9864,0.9701,candidate_same_name
ID3172080,Cakung,Kota Jakarta Timur,31.75.06,Cakung,Kota Administrasi Jakarta Timur,0.9931,0.9692,candidate_same_name
ID3172090,Pulo Gadung,Kota Jakarta Timur,31.75.02,Pulogadung,Kota Administrasi Jakarta Timur,0.9882,0.9671,candidate_same_name
ID3172100,Matraman,Kota Jakarta Timur,31.75.01,Matraman,Kota Administrasi Jakarta Timur,0.9809,0.9624,candidate_same_name
ID3173010,Tanah Abang,Kota Jakarta Pusat,31.71.07,Tanah Abang,Kota Administrasi Jakarta Pusat,0.9948,0.9745,candidate_same_name
ID3173020,Menteng,Kota Jakarta Pusat,31.71.06,Menteng,Kota Administrasi Jakarta Pusat,0.9818,0.9467,candidate_same_name
ID3173030,Senen,Kota Jakarta Pusat,31.71.04,Senen,Kota Administrasi Jakarta Pusat,0.9885,0.9692,candidate_same_name
ID3173040,Johar Baru,Kota Jakarta Pusat,31.71.08,Johar Baru,Kota Administrasi Jakarta Pusat,0.982,0.9499,candidate_same_name
ID3173050,Cempaka Putih,Kota Jakarta Pusat,31.71.05,Cempaka Putih,Kota Administrasi Jakarta Pusat,0.9792,0.9484,candidate_same_name
ID3173060,Kemayoran,Kota Jakarta Pusat,31.71.03,Kemayoran,Kota Administrasi Jakarta Pusat,0.9849,0.965,candidate_same_name
ID3173070,Sawah Besar,Kota Jakarta Pusat,31.71.02,Sawah Besar,Kota Administrasi Jakarta Pusat,0.9837,0.9601,candidate_same_name
ID3173080,Gambir,Kota Jakarta Pusat,31.71.01,Gambir,Kota Administrasi Jakarta Pusat,0.9934,0.9707,candidate_same_name
ID3174010,Kembangan,Kota Jakarta Barat,31.73.08,Kembangan,Kota Administrasi Jakarta Barat,0.9818,0.9624,candidate_same_name
ID3174020,Kebon Jeruk,Kota Jakarta Barat,31.73.05,Kebon Jeruk,Kota Administrasi Jakarta Barat,0.989,0.9763,candidate_same_name
ID3174030,Palmerah,Kota Jakarta Barat,31.73.07,Pal Merah,Kota Administrasi Jakarta Barat,0.998,0.9797,candidate_same_name
ID3174040,Grogol Petamburan,Kota Jakarta Barat,31.73.02,Grogol Petamburan,Kota Administrasi Jakarta Barat,0.9951,0.973,candidate_same_name
ID3174050,Tambora,Kota Jakarta Barat,31.73.04,Tambora,Kota Administrasi Jakarta Barat,0.9827,0.9497,candidate_same_name
ID3174060,Taman Sari,Kota Jakarta Barat,31.73.03,Taman Sari,Kota Administrasi Jakarta Barat,0.9864,0.9553,candidate_same_name
ID3174070,Cengkareng,Kota Jakarta Barat,31.73.01,Cengkareng,Kota Administrasi Jakarta Barat,0.9916,0.9509,candidate_same_name
ID3174080,Kali Deres,Kota Jakarta Barat,31.73.06,Kalideres,Kota Administrasi Jakarta Barat,0.9798,0.9339,candidate_same_name
ID3175010,Penjaringan,Kota Jakarta Utara,31.72.01,Penjaringan,Kota Administrasi Jakarta Utara,0.9722,0.8551,candidate_same_name
ID3175020,Pademangan,Kota Jakarta Utara,31.72.05,Pademangan,Kota Administrasi Jakarta Utara,0.9813,0.8989,candidate_same_name
ID3175030,Tanjung Priok,Kota Jakarta Utara,31.72.02,Tanjung Priok,Kota Administrasi Jakarta Utara,0.9854,0.9693,candidate_same_name
ID3175040,Koja,Kota Jakarta Utara,31.72.03,Koja,Kota Administrasi Jakarta Utara,0.9882,0.956,candidate_same_name
ID3175050,Kelapa Gading,Kota Jakarta Utara,31.72.06,Kelapa Gading,Kota Administrasi Jakarta Utara,0.9873,0.9691,candidate_same_name
ID3175060,Cilincing,Kota Jakarta Utara,31.72.04,Cilincing,Kota Administrasi Jakarta Utara,0.9815,0.905,candidate_same_name
ID3175555,Danau Sunter Dll,Kota Jakarta Utara,31.72.05,Pademangan,Kota Administrasi Jakarta Utara,0.8635,0.0328,exclude_non_kecamatan
ID3175888,Danau Sunter,Kota Jakarta Utara,31.72.05,Pademangan,Kota Administrasi Jakarta Utara,0.8109,0.0087,exclude_non_kecamatan
ID3201010,Nanggung,Bogor,32.01.21,Nanggung,Bogor,0.9886,0.9768,candidate_same_name
ID3201020,Leuwiliang,Bogor,32.01.14,Leuwiliang,Bogor,0.9843,0.9548,candidate_same_name
ID3201021,Leuwisadeng,Bogor,32.01.39,Leuwisadeng,Bogor,0.9834,0.8859,candidate_same_name
ID3201030,Pamijahan,Bogor,32.01.17,Pamijahan,Bogor,0.9924,0.9821,candidate_same_name
ID3201040,Cibungbulang,Bogor,32.01.16,Cibungbulang,Bogor,0.9813,0.941,candidate_same_name
ID3201050,Ciampea,Bogor,32.01.15,Ciampea,Bogor,0.9785,0.944,candidate_same_name
ID3201051,Tenjolaya,Bogor,32.01.40,Tenjolaya,Bogor,0.9779,0.9231,candidate_same_name
ID3201060,Dramaga,Bogor,32.01.30,Dramaga,Bogor,0.9802,0.9597,candidate_same_name
ID3201070,Ciomas,Bogor,32.01.29,Ciomas,Bogor,0.9741,0.9386,candidate_same_name
ID3201071,Tamansari,Bogor,32.01.31,Tamansari,Bogor,0.9885,0.9357,candidate_same_name
ID3201080,Cijeruk,Bogor,32.01.28,Cijeruk,Bogor,0.9903,0.9737,candidate_same_name
ID3201081,Cigombong,Bogor,32.01.38,Cigombong,Bogor,0.978,0.9295,candidate_same_name
ID3201090,Caringin,Bogor,32.01.27,Caringin,Bogor,0.9857,0.9689,candidate_same_name
ID3201100,Ciawi,Bogor,32.01.24,Ciawi,Bogor,0.9707,0.7279,candidate_same_name
ID3201110,Cisarua,Bogor,32.01.25,Cisarua,Bogor,0.901,0.813,candidate_same_name
ID3201120,Megamendung,Bogor,32.01.26,Megamendung,Bogor,0.8924,0.7299,candidate_same_name
ID3201130,Sukaraja,Bogor,32.01.04,Sukaraja,Bogor,0.9504,0.8982,candidate_same_name
ID3201140,Babakan Madang,Bogor,32.01.05,Babakan Madang,Bogor,0.9822,0.9177,candidate_same_name
ID3201150,Sukamakmur,Bogor,32.01.09,Sukamakmur,Bogor,0.971,0.9104,candidate_same_name
ID3201160,Cariu,Bogor,32.01.08,Cariu,Bogor,0.9854,0.9667,candidate_same_name
ID3201161,Tanjungsari,Bogor,32.01.36,Tanjungsari,Bogor,0.9756,0.934,candidate_same_name
ID3201170,Jonggol,Bogor,32.01.06,Jonggol,Bogor,0.9643,0.908,candidate_same_name
ID3201180,Cileungsi,Bogor,32.01.07,Cileungsi,Bogor,0.9846,0.9686,candidate_same_name
ID3201181,Kelapa Nunggal,Bogor,32.01.32,Klapanunggal,Bogor,0.9876,0.9691,candidate_name_difference
ID3201190,Gunung Putri,Bogor,32.01.02,Gunungputri,Bogor,0.9861,0.9625,candidate_same_name
ID3201200,Citeureup,Bogor,32.01.03,Citeureup,Bogor,0.983,0.9115,candidate_same_name
ID3201210,Cibinong,Bogor,32.01.01,Cibinong,Bogor,0.9827,0.9647,candidate_same_name
ID3201220,Bojong Gede,Bogor,32.01.13,Bojonggede,Bogor,0.9477,0.8937,candidate_same_name
ID3201221,Tajur Halang,Bogor,32.01.37,Tajurhalang,Bogor,0.9726,0.9446,candidate_same_name
ID3201230,Kemang,Bogor,32.01.12,Kemang,Bogor,0.979,0.9544,candidate_same_name
ID3201231,Ranca Bungur,Bogor,32.01.34,Rancabungur,Bogor,0.9837,0.9649,candidate_same_name
ID3201240,Parung,Bogor,32.01.10,Parung,Bogor,0.9835,0.9473,candidate_same_name
ID3201241,Ciseeng,Bogor,32.01.33,Ciseeng,Bogor,0.9754,0.9423,candidate_same_name
ID3201250,Gunung Sindur,Bogor,32.01.11,Gunungsindur,Bogor,0.979,0.9553,candidate_same_name
ID3201260,Rumpin,Bogor,32.01.18,Rumpin,Bogor,0.9882,0.9754,candidate_same_name
ID3201270,Cigudeg,Bogor,32.01.22,Cigudeg,Bogor,0.9824,0.9525,candidate_same_name
ID3201271,Sukajaya,Bogor,32.01.35,Sukajaya,Bogor,0.9921,0.9771,candidate_same_name
ID3201280,Jasinga,Bogor,32.01.19,Jasinga,Bogor,0.9648,0.9287,candidate_same_name
ID3201290,Tenjo,Bogor,32.01.23,Tenjo,Bogor,0.9686,0.9265,candidate_same_name
ID3201300,Parung Panjang,Bogor,32.01.20,Parungpanjang,Bogor,0.9921,0.9804,candidate_same_name
ID3202010,Ciemas,Sukabumi,32.02.22,Ciemas,Sukabumi,0.9695,0.8739,candidate_same_name
ID3202020,Ciracap,Sukabumi,32.02.26,Ciracap,Sukabumi,0.9729,0.8423,candidate_same_name
ID3202021,Waluran,Sukabumi,32.02.20,Waluran,Sukabumi,0.9751,0.9138,candidate_same_name
ID3202030,Surade,Sukabumi,32.02.24,Surade,Sukabumi,0.9887,0.9749,candidate_same_name
ID3202031,Cibitung,Sukabumi,32.02.25,Cibitung,Sukabumi,0.9821,0.9518,candidate_same_name
ID3202040,Jampang Kulon,Sukabumi,32.02.21,Jampangkulon,Sukabumi,0.9345,0.8741,candidate_same_name
ID3202041,Cimanggu,Sukabumi,32.02.46,Cimanggu,Sukabumi,0.9419,0.8321,candidate_same_name
ID3202050,Kali Bunder,Sukabumi,32.02.23,Kalibunder,Sukabumi,0.9655,0.9095,candidate_same_name
ID3202060,Tegal Buleud,Sukabumi,32.02.45,Tegalbuleud,Sukabumi,0.9839,0.9652,candidate_same_name
ID3202070,Cidolog,Sukabumi,32.02.43,Cidolog,Sukabumi,0.9615,0.8856,candidate_same_name
ID3202080,Sagaranten,Sukabumi,32.02.41,Sagaranten,Sukabumi,0.9673,0.854,candidate_same_name
ID3202081,Cidadap,Sukabumi,32.02.44,Cidadap,Sukabumi,0.9863,0.9492,candidate_same_name
ID3202082,Curugkembar,Sukabumi,32.02.42,Curugkembar,Sukabumi,0.9877,0.8473,candidate_same_name
ID3202090,Pabuaran,Sukabumi,32.02.37,Pabuaran,Sukabumi,0.9765,0.9534,candidate_same_name
ID3202100,Lengkong,Sukabumi,32.02.07,Lengkong,Sukabumi,0.9513,0.8474,candidate_same_name
ID3202110,Palabuhanratu,Sukabumi,32.02.01,Palabuhanratu,Sukabumi,0.98,0.946,candidate_same_name
ID3202111,Simpenan,Sukabumi,32.02.02,Simpenan,Sukabumi,0.9245,0.8426,candidate_same_name
ID3202120,Warung Kiara,Sukabumi,32.02.09,Warungkiara,Sukabumi,0.9849,0.9215,candidate_same_name
ID3202121,Bantargadung,Sukabumi,32.02.04,Bantargadung,Sukabumi,0.979,0.9191,candidate_same_name
ID3202130,Jampang Tengah,Sukabumi,32.02.08,Jampangtengah,Sukabumi,0.9757,0.8697,candidate_same_name
ID3202131,Purabaya,Sukabumi,32.02.38,Purabaya,Sukabumi,0.9641,0.6983,hold_boundary_or_split
ID3202140,Cikembar,Sukabumi,32.02.10,Cikembar,Sukabumi,0.9664,0.9329,candidate_same_name
ID3202150,Nyalindung,Sukabumi,32.02.39,Nyalindung,Sukabumi,0.954,0.8596,candidate_same_name
ID3202160,Geger Bitung,Sukabumi,32.02.40,Gegerbitung,Sukabumi,0.9555,0.8892,candidate_same_name
ID3202170,Sukaraja,Sukabumi,32.02.33,Sukaraja,Sukabumi,0.9858,0.9572,candidate_same_name
ID3202171,Kebonpedes,Sukabumi,32.02.34,Kebonpedes,Sukabumi,0.9812,0.9316,candidate_same_name
ID3202172,Cireunghas,Sukabumi,32.02.35,Cireunghas,Sukabumi,0.9756,0.9127,candidate_same_name
ID3202173,Sukalarang,Sukabumi,32.02.36,Sukalarang,Sukabumi,0.987,0.9443,candidate_same_name
ID3202180,Sukabumi,Sukabumi,32.02.32,Sukabumi,Sukabumi,0.9843,0.9435,candidate_same_name
ID3202190,Kadudampit,Sukabumi,32.02.30,Kadudampit,Sukabumi,0.9818,0.9603,candidate_same_name
ID3202200,Cisaat,Sukabumi,32.02.29,Cisaat,Sukabumi,0.9656,0.9192,candidate_same_name
ID3202201,Gunungguruh,Sukabumi,32.02.27,Gunungguruh,Sukabumi,0.9555,0.8458,candidate_same_name
ID3202210,Cibadak,Sukabumi,32.02.11,Cibadak,Sukabumi,0.9727,0.934,candidate_same_name
ID3202211,Cicantayan,Sukabumi,32.02.28,Cicantayan,Sukabumi,0.9537,0.8499,candidate_same_name
ID3202212,Caringin,Sukabumi,32.02.31,Caringin,Sukabumi,0.963,0.9207,candidate_same_name
ID3202220,Nagrak,Sukabumi,32.02.12,Nagrak,Sukabumi,0.9804,0.9573,candidate_same_name
ID3202221,Ciambar,Sukabumi,32.02.47,Ciambar,Sukabumi,0.9814,0.8887,candidate_same_name
ID3202230,Cicurug,Sukabumi,32.02.16,Cicurug,Sukabumi,0.9893,0.8659,candidate_same_name
ID3202240,Cidahu,Sukabumi,32.02.17,Cidahu,Sukabumi,0.9866,0.9651,candidate_same_name
ID3202250,Parakan Salak,Sukabumi,32.02.15,Parakansalak,Sukabumi,0.9836,0.9396,candidate_same_name
ID3202260,Parung Kuda,Sukabumi,32.02.13,Parungkuda,Sukabumi,0.9792,0.9282,candidate_same_name
ID3202261,Bojong Genteng,Sukabumi,32.02.14,Bojonggenteng,Sukabumi,0.9532,0.841,candidate_same_name
ID3202270,Kalapa Nunggal,Sukabumi,32.02.18,Kalapanunggal,Sukabumi,0.9755,0.9261,candidate_same_name
ID3202280,Cikidang,Sukabumi,32.02.06,Cikidang,Sukabumi,0.9836,0.9429,candidate_same_name
ID3202290,Cisolok,Sukabumi,32.02.05,Cisolok,Sukabumi,0.9923,0.9795,candidate_same_name
ID3202291,Cikakak,Sukabumi,32.02.03,Cikakak,Sukabumi,0.9828,0.9526,candidate_same_name
ID3202300,Kabandungan,Sukabumi,32.02.19,Kabandungan,Sukabumi,0.9915,0.9819,candidate_same_name
ID3203010,Agrabinta,Cianjur,32.03.22,Agrabinta,Cianjur,0.9852,0.97,candidate_same_name
ID3203011,Leles,Cianjur,32.03.30,Leles,Cianjur,0.9786,0.9188,candidate_same_name
ID3203020,Sindangbarang,Cianjur,32.03.21,Sindangbarang,Cianjur,0.9684,0.9171,candidate_same_name
ID3203030,Cidaun,Cianjur,32.03.23,Cidaun,Cianjur,0.9724,0.9435,candidate_same_name
ID3203040,Naringgul,Cianjur,32.03.24,Naringgul,Cianjur,0.9803,0.944,candidate_same_name
ID3203050,Cibinong,Cianjur,32.03.20,Cubinong,Cianjur,0.9821,0.9429,candidate_name_difference
ID3203051,Cikadu,Cianjur,32.03.26,Cikadu,Cianjur,0.9882,0.9158,candidate_same_name
ID3203060,Tanggeung,Cianjur,32.03.19,Tanggeung,Cianjur,0.9745,0.9468,candidate_same_name
ID3203061,Pasirkuda,Cianjur,32.03.32,Pasirkuda,Cianjur,0.9578,0.8806,candidate_same_name
ID3203070,Kadupandak,Cianjur,32.03.17,Kadupandak,Cianjur,0.9861,0.9544,candidate_same_name
ID3203071,Cijati,Cianjur,32.03.29,Cijati,Cianjur,0.9643,0.9273,candidate_same_name
ID3203080,Takokak,Cianjur,32.03.16,Takokak,Cianjur,0.9878,0.9417,candidate_same_name
ID3203090,Sukanagara,Cianjur,32.03.14,Sukanagara,Cianjur,0.9658,0.9189,candidate_same_name
ID3203100,Pagelaran,Cianjur,32.03.18,Pagelarang,Cianjur,0.988,0.9474,candidate_name_difference
ID3203110,Campaka,Cianjur,32.03.15,Campaka,Cianjur,0.9817,0.9302,candidate_same_name
ID3203111,Campaka Mulya,Cianjur,32.03.25,Campakamulya,Cianjur,0.9857,0.9591,candidate_same_name
ID3203120,Cibeber,Cianjur,32.03.03,Cibeber,Cianjur,0.9797,0.9511,candidate_same_name
ID3203130,Warungkondang,Cianjur,32.03.02,Warungkondang,Cianjur,0.9673,0.9361,candidate_same_name
ID3203131,Gekbrong,Cianjur,32.03.27,Gekbrong,Cianjur,0.9735,0.9342,candidate_same_name
ID3203140,Cilaku,Cianjur,32.03.04,Cilaku,Cianjur,0.9811,0.9544,candidate_same_name
ID3203150,Sukaluyu,Cianjur,32.03.09,Sukaluyu,Cianjur,0.9777,0.9429,candidate_same_name
ID3203160,Bojongpicung,Cianjur,32.03.06,Bonjogpicung,Cianjur,0.9869,0.9681,candidate_name_difference
ID3203161,Haurwangi,Cianjur,32.03.31,Haurwangi,Cianjur,0.9873,0.9674,candidate_same_name
ID3203170,Ciranjang,Cianjur,32.03.05,Ciranjang,Cianjur,0.974,0.8749,candidate_same_name
ID3203180,Mande,Cianjur,32.03.08,Mande,Cianjur,0.9392,0.809,candidate_same_name
ID3203190,Karangtengah,Cianjur,32.03.07,Karangtengah,Cianjur,0.9731,0.942,candidate_same_name
ID3203200,Cianjur,Cianjur,32.03.01,Cianjur,Cianjur,0.9733,0.94,candidate_same_name
ID3203210,Cugenang,Cianjur,32.03.11,Cugenang,Cianjur,0.9814,0.9599,candidate_same_name
ID3203220,Pacet,Cianjur,32.03.10,Pacet,Cianjur,0.964,0.9167,candidate_same_name
ID3203221,Cipanas,Cianjur,32.03.28,Cipanas,Cianjur,0.948,0.862,candidate_same_name
ID3203230,Sukaresmi,Cianjur,32.03.13,Sukaresmi,Cianjur,0.9785,0.9373,candidate_same_name
ID3203240,Cikalongkulon,Cianjur,32.03.12,Cikalongkulon,Cianjur,0.975,0.8969,candidate_same_name
ID3204010,Ciwidey,Bandung,32.04.39,Ciwidey,Bandung,0.9097,0.7651,candidate_same_name
ID3204011,Rancabali,Bandung,32.04.40,Rancabali,Bandung,0.8905,0.771,candidate_same_name
ID3204020,Pasirjambu,Bandung,32.04.38,Pasirjambu,Bandung,0.97,0.9315,candidate_same_name
ID3204030,Cimaung,Bandung,32.04.17,Cimaung,Bandung,0.9672,0.9197,candidate_same_name
ID3204040,Pangalengan,Bandung,32.04.15,Pangalengan,Bandung,0.9923,0.9742,candidate_same_name
ID3204050,Kertasari,Bandung,32.04.31,Kertasari,Bandung,0.9926,0.8914,candidate_same_name
ID3204060,Pacet,Bandung,32.04.30,Pacet,Bandung,0.9881,0.9695,candidate_same_name
ID3204070,Ibun,Bandung,32.04.36,Ibun,Bandung,0.9683,0.8899,candidate_same_name
ID3204080,Paseh,Bandung,32.04.35,Paseh,Bandung,0.9605,0.9125,candidate_same_name
ID3204090,Cikancung,Bandung,32.04.27,Cikancung,Bandung,0.9477,0.8993,candidate_same_name
ID3204100,Cicalengka,Bandung,32.04.25,Cicalengka,Bandung,0.9752,0.9236,candidate_same_name
ID3204101,Nagreg,Bandung,32.04.26,Nagreg,Bandung,0.9576,0.8968,candidate_same_name
ID3204110,Rancaekek,Bandung,32.04.28,Rancaekek,Bandung,0.979,0.946,candidate_same_name
ID3204120,Majalaya,Bandung,32.04.33,Majalaya,Bandung,0.9804,0.9349,candidate_same_name
ID3204121,Solokan Jeruk,Bandung,32.04.34,Solokanjeruk,Bandung,0.974,0.9337,candidate_same_name
ID3204130,Ciparay,Bandung,32.04.29,Ciparay,Bandung,0.9601,0.9091,candidate_same_name
ID3204140,Baleendah,Bandung,32.04.32,Baleendah,Bandung,0.9698,0.9328,candidate_same_name
ID3204150,Arjasari,Bandung,32.04.16,Arjasari,Bandung,0.9547,0.9103,candidate_same_name
ID3204160,Banjaran,Bandung,32.04.13,Banjaran,Bandung,0.9639,0.8498,candidate_same_name
ID3204161,Cangkuang,Bandung,32.04.44,Cangkuang,Bandung,0.971,0.926,candidate_same_name
ID3204170,Pameungpeuk,Bandung,32.04.14,Pameungpeuk,Bandung,0.9307,0.8376,candidate_same_name
ID3204180,Katapang,Bandung,32.04.11,Katapang,Bandung,0.9685,0.9019,candidate_same_name
ID3204190,Soreang,Bandung,32.04.37,Soreang,Bandung,0.9682,0.9381,candidate_same_name
ID3204191,Kutawaringin,Bandung,32.04.46,Kutawaringin,Bandung,0.9801,0.9396,candidate_same_name
ID3204250,Margaasih,Bandung,32.04.10,Margaasih,Bandung,0.9811,0.951,candidate_same_name
ID3204260,Margahayu,Bandung,32.04.09,Margahayu,Bandung,0.9771,0.9443,candidate_same_name
ID3204270,Dayeuhkolot,Bandung,32.04.12,Dayeuhkolot,Bandung,0.9892,0.9443,candidate_same_name
ID3204280,Bojongsoang,Bandung,32.04.08,Bojongsoang,Bandung,0.9784,0.94,candidate_same_name
ID3204290,Cileunyi,Bandung,32.04.05,Cileunyi,Bandung,0.9782,0.9301,candidate_same_name
ID3204300,Cilengkrang,Bandung,32.04.07,Cilengkrang,Bandung,0.9783,0.8704,candidate_same_name
ID3204310,Cimenyan,Bandung,32.04.06,Cimenyan,Bandung,0.9806,0.9615,candidate_same_name
ID3205010,Cisewu,Garut,32.05.35,Cisewu,Garut,0.9956,0.9862,candidate_same_name
ID3205011,Caringin,Garut,32.05.36,Caringin,Garut,0.9944,0.9809,candidate_same_name
ID3205020,Talegong,Garut,32.05.37,Talegong,Garut,0.9877,0.9642,candidate_same_name
ID3205030,Bungbulang,Garut,32.05.31,Bungbulang,Garut,0.9866,0.9675,candidate_same_name
ID3205031,Mekarmukti,Garut,32.05.32,Mekarmukti,Garut,0.9718,0.9388,candidate_same_name
ID3205040,Pamulihan,Garut,32.05.34,Pamulihan,Garut,0.9924,0.886,candidate_same_name
ID3205050,Pakenjeng,Garut,32.05.33,Pakenjeng,Garut,0.9906,0.978,candidate_same_name
ID3205060,Cikelet,Garut,32.05.30,Cikelet,Garut,0.9949,0.9888,candidate_same_name
ID3205070,Pameungpeuk,Garut,32.05.27,Pameungpeuk,Garut,0.9811,0.9614,candidate_same_name
ID3205080,Cibalong,Garut,32.05.29,Cibalong,Garut,0.9949,0.96,candidate_same_name
ID3205090,Cisompet,Garut,32.05.28,Cisompet,Garut,0.9909,0.9324,candidate_same_name
ID3205100,Peundeuy,Garut,32.05.26,Peundeuy,Garut,0.9834,0.9092,candidate_same_name
ID3205110,Singajaya,Garut,32.05.24,Singajaya,Garut,0.9832,0.8648,candidate_same_name
ID3205111,Cihurip,Garut,32.05.25,Cihurip,Garut,0.974,0.8177,candidate_same_name
ID3205120,Cikajang,Garut,32.05.22,Cikajang,Garut,0.9753,0.9472,candidate_same_name
ID3205130,Banjarwangi,Garut,32.05.23,Banjarwangi,Garut,0.9863,0.9546,candidate_same_name
ID3205140,Cilawu,Garut,32.05.19,Cilawu,Garut,0.9888,0.9773,candidate_same_name
ID3205150,Bayongbong,Garut,32.05.17,Bayongbong,Garut,0.9832,0.9433,candidate_same_name
ID3205151,Cigedug,Garut,32.05.18,Cigedug,Garut,0.9927,0.9629,candidate_same_name
ID3205160,Cisurupan,Garut,32.05.20,Cisurupan,Garut,0.9859,0.9674,candidate_same_name
ID3205161,Sukaresmi,Garut,32.05.21,Sukaresmi,Garut,0.9698,0.8881,candidate_same_name
ID3205170,Samarang,Garut,32.05.07,Samarang,Garut,0.9692,0.8722,candidate_same_name
ID3205171,Pasirwangi,Garut,32.05.08,Pasirwangi,Garut,0.9798,0.9158,candidate_same_name
ID3205181,Tarogong Kidul,Garut,32.05.05,Tarogong Kidul,Garut,0.9561,0.9157,candidate_same_name
ID3205182,Tarogong Kaler,Garut,32.05.04,Tarogong Kaler,Garut,0.9801,0.9396,candidate_same_name
ID3205190,Garut Kota,Garut,32.05.01,Garut Kota,Garut,0.9733,0.94,candidate_same_name
ID3205200,Karangpawitan,Garut,32.05.02,Karangpawitan,Garut,0.982,0.9407,candidate_same_name
ID3205210,Wanaraja,Garut,32.05.03,Wanaraja,Garut,0.9313,0.8522,candidate_same_name
ID3205211,Sucinaraja,Garut,32.05.42,Sucinaraja,Garut,0.9861,0.8856,candidate_same_name
ID3205212,Pangatikan,Garut,32.05.41,Pangatikan,Garut,0.9079,0.8094,candidate_same_name
ID3205220,Sukawening,Garut,32.05.15,Sukawening,Garut,0.9802,0.95,candidate_same_name
ID3205221,Karangtengah,Garut,32.05.16,Karangtengah,Garut,0.9832,0.88,candidate_same_name
ID3205230,Banyuresmi,Garut,32.05.06,Banyuresmi,Garut,0.9738,0.9337,candidate_same_name
ID3205240,Leles,Garut,32.05.09,Leles,Garut,0.9854,0.9565,candidate_same_name
ID3205250,Leuwigoong,Garut,32.05.11,Leuwigoong,Garut,0.9677,0.9127,candidate_same_name
ID3205260,Cibatu,Garut,32.05.12,Cibatu,Garut,0.9875,0.9649,candidate_same_name
ID3205261,Kersamanah,Garut,32.05.13,Kersamanah,Garut,0.9807,0.9517,candidate_same_name
ID3205270,Cibiuk,Garut,32.05.40,Cibiuk,Garut,0.9902,0.9273,candidate_same_name
ID3205280,Kadungora,Garut,32.05.10,Kadungora,Garut,0.9747,0.9496,candidate_same_name
ID3205290,Blubur Limbangan,Garut,32.05.38,Bl. Limbangan,Garut,0.9821,0.9605,candidate_name_difference
ID3205300,Selaawi,Garut,32.05.39,Selaawi,Garut,0.9865,0.9381,candidate_same_name
ID3205310,Malangbong,Garut,32.05.14,Malangbong,Garut,0.9875,0.9593,candidate_same_name
ID3206010,Cipatujah,Tasikmalaya,32.06.01,Cipatujah,Tasikmalaya,0.9919,0.9685,candidate_same_name
ID3206020,Karangnunggal,Tasikmalaya,32.06.02,Karangnunggal,Tasikmalaya,0.9906,0.9683,candidate_same_name
ID3206030,Cikalong,Tasikmalaya,32.06.03,Cikalong,Tasikmalaya,0.993,0.9716,candidate_same_name
ID3206040,Pancatengah,Tasikmalaya,32.06.04,Pancatengah,Tasikmalaya,0.9696,0.9367,candidate_same_name
ID3206050,Cikatomas,Tasikmalaya,32.06.05,Cikatomas,Tasikmalaya,0.9631,0.9185,candidate_same_name
ID3206060,Cibalong,Tasikmalaya,32.06.06,Cibalong,Tasikmalaya,0.9699,0.9364,candidate_same_name
ID3206061,Parungponteng,Tasikmalaya,32.06.07,Parungponteng,Tasikmalaya,0.9533,0.8781,candidate_same_name
ID3206070,Bantarkalong,Tasikmalaya,32.06.08,Bantarkalong,Tasikmalaya,0.9701,0.9136,candidate_same_name
ID3206071,Bojongasih,Tasikmalaya,32.06.09,Bojongasih,Tasikmalaya,0.9684,0.9159,candidate_same_name
ID3206072,Culamega,Tasikmalaya,32.06.10,Culamega,Tasikmalaya,0.9447,0.8793,candidate_same_name
ID3206080,Bojonggambir,Tasikmalaya,32.06.11,Bojonggambir,Tasikmalaya,0.9827,0.9428,candidate_same_name
ID3206090,Sodonghilir,Tasikmalaya,32.06.12,Sodonghilir,Tasikmalaya,0.96,0.8917,candidate_same_name
ID3206100,Taraju,Tasikmalaya,32.06.13,Taraju,Tasikmalaya,0.9654,0.9143,candidate_same_name
ID3206110,Salawu,Tasikmalaya,32.06.14,Salawu,Tasikmalaya,0.9839,0.924,candidate_same_name
ID3206111,Puspahiang,Tasikmalaya,32.06.15,Puspahiang,Tasikmalaya,0.908,0.8297,candidate_same_name
ID3206120,Tanjungjaya,Tasikmalaya,32.06.16,Tanjungjaya,Tasikmalaya,0.9482,0.8973,candidate_same_name
ID3206130,Sukaraja,Tasikmalaya,32.06.17,Sukaraja,Tasikmalaya,0.9824,0.9144,candidate_same_name
ID3206140,Salopa,Tasikmalaya,32.06.18,Salopa,Tasikmalaya,0.9403,0.8852,candidate_same_name
ID3206141,Jatiwaras,Tasikmalaya,32.06.19,Jatiwaras,Tasikmalaya,0.9643,0.9219,candidate_same_name
ID3206150,Cineam,Tasikmalaya,32.06.20,Cineam,Tasikmalaya,0.9772,0.9306,candidate_same_name
ID3206151,Karangjaya,Tasikmalaya,32.06.21,Karang Jaya,Tasikmalaya,0.9401,0.881,candidate_same_name
ID3206160,Manonjaya,Tasikmalaya,32.06.22,Manonjaya,Tasikmalaya,0.9624,0.9172,candidate_same_name
ID3206161,Gunungtanjung,Tasikmalaya,32.06.23,Gunung Tanjung,Tasikmalaya,0.983,0.902,candidate_same_name
ID3206190,Singaparna,Tasikmalaya,32.06.24,Singaparna,Tasikmalaya,0.9269,0.8626,candidate_same_name
ID3206191,Sukarame,Tasikmalaya,32.06.26,Sukarame,Tasikmalaya,0.961,0.9108,candidate_same_name
ID3206192,Mangunreja,Tasikmalaya,32.06.25,Mangunreja,Tasikmalaya,0.9633,0.9112,candidate_same_name
ID3206200,Cigalontang,Tasikmalaya,32.06.27,Cigalontang,Tasikmalaya,0.9896,0.953,candidate_same_name
ID3206210,Leuwisari,Tasikmalaya,32.06.28,Leuwisari,Tasikmalaya,0.9834,0.9194,candidate_same_name
ID3206211,Sariwangi,Tasikmalaya,32.06.30,Sariwangi,Tasikmalaya,0.9801,0.9285,candidate_same_name
ID3206212,Padakembang,Tasikmalaya,32.06.29,Padakembang,Tasikmalaya,0.9653,0.9157,candidate_same_name
ID3206221,Sukaratu,Tasikmalaya,32.06.31,Sukaratu,Tasikmalaya,0.9637,0.9226,candidate_same_name
ID3206230,Cisayong,Tasikmalaya,32.06.32,Cisayong,Tasikmalaya,0.9758,0.9335,candidate_same_name
ID3206231,Sukahening,Tasikmalaya,32.06.33,Sukahening,Tasikmalaya,0.9771,0.9193,candidate_same_name
ID3206240,Rajapolah,Tasikmalaya,32.06.34,Rajapolah,Tasikmalaya,0.9739,0.9452,candidate_same_name
ID3206250,Jamanis,Tasikmalaya,32.06.35,Jamanis,Tasikmalaya,0.968,0.9132,candidate_same_name
ID3206260,Ciawi,Tasikmalaya,32.06.36,Ciawi,Tasikmalaya,0.9812,0.885,candidate_same_name
ID3206261,Kadipaten,Tasikmalaya,32.06.37,Kadipaten,Tasikmalaya,0.9847,0.9296,candidate_same_name
ID3206270,Pagerageung,Tasikmalaya,32.06.38,Pagerageung,Tasikmalaya,0.9703,0.932,candidate_same_name
ID3206271,Sukaresik,Tasikmalaya,32.06.39,Sukaresik,Tasikmalaya,0.9656,0.8962,candidate_same_name
ID3207100,Banjarsari,Ciamis,32.07.18,Banjarsari,Ciamis,0.9471,0.8931,candidate_same_name
ID3207101,Banjaranyar,Ciamis,32.07.37,Banjaranyar,Ciamis,0.9403,0.8805,candidate_same_name
ID3207110,Lakbok,Ciamis,32.07.17,Lakbok,Ciamis,0.9769,0.8891,candidate_same_name
ID3207111,Purwadadi,Ciamis,32.07.35,Purwadadi,Ciamis,0.9531,0.8642,candidate_same_name
ID3207120,Pamarican,Ciamis,32.07.19,Pamarican,Ciamis,0.9664,0.9029,candidate_same_name
ID3207130,Cidolog,Ciamis,32.07.05,Cidolog,Ciamis,0.9633,0.8355,candidate_same_name
ID3207140,Cimaragas,Ciamis,32.07.29,Cimaragas,Ciamis,0.9446,0.855,candidate_same_name
ID3207150,Cijeungjing,Ciamis,32.07.03,Cijeungjing,Ciamis,0.9627,0.9086,candidate_same_name
ID3207160,Cisaga,Ciamis,32.07.30,Cisaga,Ciamis,0.9812,0.9329,candidate_same_name
ID3207170,Tambaksari,Ciamis,32.07.16,Tambaksari,Ciamis,0.9753,0.9455,candidate_same_name
ID3207180,Rancah,Ciamis,32.07.15,Rancah,Ciamis,0.9465,0.8935,candidate_same_name
ID3207190,Rajadesa,Ciamis,32.07.13,Rajadesa,Ciamis,0.9309,0.8681,candidate_same_name
ID3207200,Sukadana,Ciamis,32.07.14,Sukadana,Ciamis,0.9438,0.8628,candidate_same_name
ID3207210,Ciamis,Ciamis,32.07.01,Ciamis,Ciamis,0.9571,0.9159,candidate_same_name
ID3207211,Baregbeg,Ciamis,32.07.32,Baregbeg,Ciamis,0.9347,0.7595,candidate_same_name
ID3207220,Cikoneng,Ciamis,32.07.02,Cikoneng,Ciamis,0.9426,0.7324,candidate_same_name
ID3207221,Sindangkasih,Ciamis,32.07.31,Sindangkasih,Ciamis,0.9776,0.9137,candidate_same_name
ID3207230,Cihaurbeuti,Ciamis,32.07.06,Cihaurbeuti,Ciamis,0.9852,0.7823,candidate_same_name
ID3207240,Sadananya,Ciamis,32.07.04,Sadananya,Ciamis,0.9101,0.7998,candidate_same_name
ID3207250,Cipaku,Ciamis,32.07.11,Cipaku,Ciamis,0.9498,0.8411,candidate_same_name
ID3207260,Jatinagara,Ciamis,32.07.12,Jatinagara,Ciamis,0.9315,0.8304,candidate_same_name
ID3207270,Panawangan,Ciamis,32.07.10,Panawangan,Ciamis,0.9641,0.9056,candidate_same_name
ID3207280,Kawali,Ciamis,32.07.09,Kawali,Ciamis,0.9053,0.8132,candidate_same_name
ID3207281,Lumbung,Ciamis,32.07.34,Lumbung,Ciamis,0.9734,0.8408,candidate_same_name
ID3207290,Panjalu,Ciamis,32.07.08,Panjalu,Ciamis,0.9287,0.8273,candidate_same_name
ID3207291,Sukamantri,Ciamis,32.07.33,Sukamantri,Ciamis,0.879,0.7831,candidate_same_name
ID3207300,Panumbangan,Ciamis,32.07.07,Panumbangan,Ciamis,0.9468,0.7872,candidate_same_name
ID3208010,Darma,Kuningan,32.08.17,Darma,Kuningan,0.9386,0.875,candidate_same_name
ID3208020,Kadugede,Kuningan,32.08.01,Kadugede,Kuningan,0.9587,0.8783,candidate_same_name
ID3208021,Nusaherang,Kuningan,32.08.20,Nusaherang,Kuningan,0.9587,0.9165,candidate_same_name
ID3208030,Ciniru,Kuningan,32.08.02,Ciniru,Kuningan,0.9852,0.9563,candidate_same_name
ID3208031,Hantara,Kuningan,32.08.26,Hantara,Kuningan,0.9828,0.9178,candidate_same_name
ID3208040,Selajambe,Kuningan,32.08.15,Selajambe,Kuningan,0.9676,0.9174,candidate_same_name
ID3208050,Subang,Kuningan,32.08.03,Subang,Kuningan,0.9852,0.9678,candidate_same_name
ID3208051,Cilebak,Kuningan,32.08.25,Cilebak,Kuningan,0.9711,0.9332,candidate_same_name
ID3208060,Ciwaru,Kuningan,32.08.04,Ciwaru,Kuningan,0.9715,0.9279,candidate_same_name
ID3208061,Karangkancana,Kuningan,32.08.29,Karangkancana,Kuningan,0.9692,0.9318,candidate_same_name
ID3208070,Cibingbin,Kuningan,32.08.05,Cibingbin,Kuningan,0.9841,0.9306,candidate_same_name
ID3208071,Cibeureum,Kuningan,32.08.28,Cibeureum,Kuningan,0.9823,0.9648,candidate_same_name
ID3208080,Luragung,Kuningan,32.08.06,Luragung,Kuningan,0.9664,0.9124,candidate_same_name
ID3208081,Cimahi,Kuningan,32.08.24,Cimahi,Kuningan,0.968,0.9008,candidate_same_name
ID3208090,Cidahu,Kuningan,32.08.11,Cidahu,Kuningan,0.9559,0.9015,candidate_same_name
ID3208091,Kalimanggis,Kuningan,32.08.27,Kalimanggis,Kuningan,0.9594,0.8998,candidate_same_name
ID3208100,Ciawigebang,Kuningan,32.08.10,Ciawigebang,Kuningan,0.9753,0.9357,candidate_same_name
ID3208101,Cipicung,Kuningan,32.08.21,Cipicung,Kuningan,0.9715,0.9341,candidate_same_name
ID3208110,Lebakwangi,Kuningan,32.08.07,Lebakwangi,Kuningan,0.9716,0.9194,candidate_same_name
ID3208111,Maleber,Kuningan,32.08.30,Maleber,Kuningan,0.9893,0.9739,candidate_same_name
ID3208120,Garawangi,Kuningan,32.08.08,Garawangi,Kuningan,0.9787,0.9548,candidate_same_name
ID3208121,Sindangagung,Kuningan,32.08.31,Sindangagung,Kuningan,0.9719,0.9326,candidate_same_name
ID3208130,Kuningan,Kuningan,32.08.09,Kuningan,Kuningan,0.9575,0.9167,candidate_same_name
ID3208140,Cigugur,Kuningan,32.08.18,Cigugur,Kuningan,0.944,0.758,candidate_same_name
ID3208150,Kramatmulya,Kuningan,32.08.16,Kramatmulya,Kuningan,0.9471,0.8628,candidate_same_name
ID3208160,Jalaksana,Kuningan,32.08.12,Jalaksana,Kuningan,0.9689,0.8186,candidate_same_name
ID3208161,Japara,Kuningan,32.08.23,Japara,Kuningan,0.9572,0.8969,candidate_same_name
ID3208170,Cilimus,Kuningan,32.08.13,Cilimus,Kuningan,0.9871,0.9386,candidate_same_name
ID3208171,Cigandamekar,Kuningan,32.08.32,Cigandamekar,Kuningan,0.9736,0.9004,candidate_same_name
ID3208180,Mandirancan,Kuningan,32.08.14,Mandirancan,Kuningan,0.9606,0.874,candidate_same_name
ID3208181,Pancalang,Kuningan,32.08.22,Pancalang,Kuningan,0.9777,0.9354,candidate_same_name
ID3208190,Pasawahan,Kuningan,32.08.19,Pasawahan,Kuningan,0.9779,0.8343,candidate_same_name
ID3209010,Waled,Cirebon,32.09.01,Waled,Cirebon,0.9583,0.9117,candidate_same_name
ID3209011,Pasaleman,Cirebon,32.09.32,Pasaleman,Cirebon,0.9644,0.9276,candidate_same_name
ID3209020,Ciledug,Cirebon,32.09.02,Ciledug,Cirebon,0.9617,0.9112,candidate_same_name
ID3209021,Pabuaran,Cirebon,32.09.33,Pabuaran,Cirebon,0.9781,0.9413,candidate_same_name
ID3209030,Losari,Cirebon,32.09.03,Losari,Cirebon,0.9598,0.8956,candidate_same_name
ID3209031,Pabedilan,Cirebon,32.09.04,Pabedilan,Cirebon,0.9847,0.9538,candidate_same_name
ID3209040,Babakan,Cirebon,32.09.05,Babakan,Cirebon,0.9918,0.9517,candidate_same_name
ID3209041,Gebang,Cirebon,32.09.30,Gebang,Cirebon,0.9912,0.9491,candidate_same_name
ID3209050,Karangsembung,Cirebon,32.09.06,Karangsembung,Cirebon,0.9646,0.9235,candidate_same_name
ID3209051,Karangwareng,Cirebon,32.09.34,Karangwareng,Cirebon,0.9405,0.8868,candidate_same_name
ID3209060,Lemahabang,Cirebon,32.09.07,Lemahabang,Cirebon,0.957,0.9074,candidate_same_name
ID3209061,Susukanlebak,Cirebon,32.09.08,Susukan Lebak,Cirebon,0.9545,0.8987,candidate_same_name
ID3209070,Sedong,Cirebon,32.09.09,Sedong,Cirebon,0.985,0.9631,candidate_same_name
ID3209080,Astanajapura,Cirebon,32.09.10,Astanajapura,Cirebon,0.949,0.8896,candidate_same_name
ID3209081,Pangenan,Cirebon,32.09.11,Pangenan,Cirebon,0.9622,0.9088,candidate_same_name
ID3209090,Mundu,Cirebon,32.09.12,Mundu,Cirebon,0.986,0.9205,candidate_same_name
ID3209100,Beber,Cirebon,32.09.13,Beber,Cirebon,0.9752,0.9467,candidate_same_name
ID3209101,Greged,Cirebon,32.09.38,Greged,Cirebon,0.9759,0.9287,candidate_same_name
ID3209111,Talun,Cirebon,32.09.14,Talun,Cirebon,0.9782,0.9431,candidate_same_name
ID3209120,Sumber,Cirebon,32.09.15,Sumber,Cirebon,0.959,0.9174,candidate_same_name
ID3209121,Dukupuntang,Cirebon,32.09.16,Dukupuntang,Cirebon,0.9751,0.9228,candidate_same_name
ID3209130,Palimanan,Cirebon,32.09.17,Palimanan,Cirebon,0.9524,0.8886,candidate_same_name
ID3209140,Plumbon,Cirebon,32.09.18,Plumbon,Cirebon,0.9774,0.9453,candidate_same_name
ID3209141,Depok,Cirebon,32.09.31,Depok,Cirebon,0.9664,0.9271,candidate_same_name
ID3209150,Weru,Cirebon,32.09.19,Weru,Cirebon,0.9569,0.8531,candidate_same_name
ID3209151,Plered,Cirebon,32.09.36,Plered,Cirebon,0.9657,0.8638,candidate_same_name
ID3209161,Tengah Tani,Cirebon,32.09.35,Tengah Tani,Cirebon,0.9546,0.8336,candidate_same_name
ID3209162,Kedawung,Cirebon,32.09.20,Kedawung,Cirebon,0.9452,0.8929,candidate_same_name
ID3209171,Gunungjati,Cirebon,32.09.21,Gunung Jati,Cirebon,0.9815,0.912,candidate_same_name
ID3209180,Kapetakan,Cirebon,32.09.22,Kepetakan,Cirebon,0.973,0.9444,candidate_name_difference
ID3209181,Suranenggala,Cirebon,32.09.39,Suranenggala,Cirebon,0.9723,0.901,candidate_same_name
ID3209190,Klangenan,Cirebon,32.09.23,Klangenan,Cirebon,0.9645,0.9011,candidate_same_name
ID3209191,Jamblang,Cirebon,32.09.40,Jamblang,Cirebon,0.9844,0.9377,candidate_same_name
ID3209200,Arjawinangun,Cirebon,32.09.24,Arjawinangun,Cirebon,0.9727,0.9407,candidate_same_name
ID3209201,Panguragan,Cirebon,32.09.25,Panguragan,Cirebon,0.9629,0.8937,candidate_same_name
ID3209210,Ciwaringin,Cirebon,32.09.26,Ciwaringin,Cirebon,0.9394,0.8704,candidate_same_name
ID3209211,Gempol,Cirebon,32.09.37,Gempol,Cirebon,0.9675,0.9153,candidate_same_name
ID3209220,Susukan,Cirebon,32.09.27,Susukan,Cirebon,0.984,0.9653,candidate_same_name
ID3209230,Gegesik,Cirebon,32.09.28,Gegesik,Cirebon,0.972,0.9395,candidate_same_name
ID3209231,Kaliwedi,Cirebon,32.09.29,Kaliwedi,Cirebon,0.9788,0.9544,candidate_same_name
ID3210010,Lemahsugih,Majalengka,32.10.01,Lemahsugih,Majalengka,0.9558,0.908,candidate_same_name
ID3210020,Bantarujeg,Majalengka,32.10.02,Bantarujeg,Majalengka,0.9729,0.9333,candidate_same_name
ID3210021,Malausma,Majalengka,32.10.26,Malausma,Majalengka,0.9122,0.8171,candidate_same_name
ID3210030,Cikijing,Majalengka,32.10.03,Cikijing,Majalengka,0.9433,0.8681,candidate_same_name
ID3210031,Cingambul,Majalengka,32.10.23,Cingambul,Majalengka,0.9431,0.83,candidate_same_name
ID3210040,Talaga,Majalengka,32.10.04,Talaga,Majalengka,0.9548,0.849,candidate_same_name
ID3210041,Banjaran,Majalengka,32.10.22,Banjaran,Majalengka,0.9557,0.865,candidate_same_name
ID3210050,Argapura,Majalengka,32.10.05,Argapura,Majalengka,0.982,0.8823,candidate_same_name
ID3210060,Maja,Majalengka,32.10.06,Maja,Majalengka,0.959,0.9168,candidate_same_name
ID3210070,Majalengka,Majalengka,32.10.07,Majalengka,Majalengka,0.9743,0.9432,candidate_same_name
ID3210080,Cigasong,Majalengka,32.10.20,Cigasong,Majalengka,0.9496,0.8277,candidate_same_name
ID3210090,Sukahaji,Majalengka,32.10.08,Sukahaji,Majalengka,0.9438,0.8319,candidate_same_name
ID3210091,Sindang,Majalengka,32.10.25,Sindang,Majalengka,0.8563,0.6718,hold_boundary_or_split
ID3210100,Rajagaluh,Majalengka,32.10.09,Rajagaluh,Majalengka,0.9833,0.7933,candidate_same_name
ID3210110,Sindangwangi,Majalengka,32.10.21,Sindangwangi,Majalengka,0.9641,0.8101,candidate_same_name
ID3210120,Leuwimunding,Majalengka,32.10.10,Leuwimunding,Majalengka,0.9303,0.8587,candidate_same_name
ID3210130,Palasah,Majalengka,32.10.19,Palasah,Majalengka,0.9515,0.8654,candidate_same_name
ID3210140,Jatiwangi,Majalengka,32.10.11,Jatiwangi,Majalengka,0.9707,0.9012,candidate_same_name
ID3210150,Dawuan,Majalengka,32.10.12,Dawuan,Majalengka,0.9793,0.9387,candidate_same_name
ID3210151,Kasokandel,Majalengka,32.10.24,Kasokandel,Majalengka,0.9583,0.9175,candidate_same_name
ID3210160,Panyingkiran,Majalengka,32.10.18,Panyingkiran,Majalengka,0.9604,0.9234,candidate_same_name
ID3210170,Kadipaten,Majalengka,32.10.13,Kadipaten,Majalengka,0.979,0.945,candidate_same_name
ID3210180,Kertajati,Majalengka,32.10.14,Kertajati,Majalengka,0.9934,0.9761,candidate_same_name
ID3210190,Jatitujuh,Majalengka,32.10.15,Jatitujuh,Majalengka,0.9774,0.935,candidate_same_name
ID3210200,Ligung,Majalengka,32.10.16,Ligung,Majalengka,0.9737,0.9312,candidate_same_name
ID3210210,Sumberjaya,Majalengka,32.10.17,Sumberjaya,Majalengka,0.9696,0.8928,candidate_same_name
ID3211010,Jatinangor,Sumedang,32.11.15,Jatinangor,Sumedang,0.978,0.9309,candidate_same_name
ID3211020,Cimanggung,Sumedang,32.11.14,Cimanggung,Sumedang,0.9852,0.9605,candidate_same_name
ID3211030,Tanjungsari,Sumedang,32.11.11,Tanjungsari,Sumedang,0.9738,0.9425,candidate_same_name
ID3211031,Sukasari,Sumedang,32.11.12,Sukasari,Sumedang,0.9845,0.949,candidate_same_name
ID3211032,Pamulihan,Sumedang,32.11.13,Pamulihan,Sumedang,0.9782,0.9555,candidate_same_name
ID3211040,Rancakalong,Sumedang,32.11.16,Rancakalong,Sumedang,0.971,0.9275,candidate_same_name
ID3211050,Sumedang Selatan,Sumedang,32.11.17,Sumedang Selatan,Sumedang,0.9855,0.9699,candidate_same_name
ID3211060,Sumedang Utara,Sumedang,32.11.18,Sumedang Utara,Sumedang,0.9461,0.8775,candidate_same_name
ID3211061,Ganeas,Sumedang,32.11.19,Ganeas,Sumedang,0.9757,0.9507,candidate_same_name
ID3211070,Situraja,Sumedang,32.11.06,Situraja,Sumedang,0.9722,0.9437,candidate_same_name
ID3211071,Cisitu,Sumedang,32.11.05,Cisitu,Sumedang,0.9513,0.9043,candidate_same_name
ID3211080,Darmaraja,Sumedang,32.11.03,Darmaraja,Sumedang,0.9278,0.8239,candidate_same_name
ID3211090,Cibugel,Sumedang,32.11.04,Cibugel,Sumedang,0.983,0.9561,candidate_same_name
ID3211100,Wado,Sumedang,32.11.01,Wado,Sumedang,0.9404,0.8864,candidate_same_name
ID3211101,Jatinunggal,Sumedang,32.11.02,Jatinunggal,Sumedang,0.9622,0.914,candidate_same_name
ID3211111,Jatigede,Sumedang,32.11.26,Jatigede,Sumedang,0.9614,0.9168,candidate_same_name
ID3211120,Tomo,Sumedang,32.11.24,Tomo,Sumedang,0.9851,0.9468,candidate_same_name
ID3211130,Ujung Jaya,Sumedang,32.11.25,Ujungjaya,Sumedang,0.978,0.9483,candidate_same_name
ID3211140,Conggeang,Sumedang,32.11.07,Conggeang,Sumedang,0.956,0.8511,candidate_same_name
ID3211150,Paseh,Sumedang,32.11.08,Paseh,Sumedang,0.9531,0.8769,candidate_same_name
ID3211160,Cimalaka,Sumedang,32.11.22,Cimalaka,Sumedang,0.9755,0.9484,candidate_same_name
ID3211161,Cisarua,Sumedang,32.11.23,Cisarua,Sumedang,0.9772,0.9134,candidate_same_name
ID3211170,Tanjungkerta,Sumedang,32.11.20,Tanjungkerta,Sumedang,0.9583,0.9148,candidate_same_name
ID3211171,Tanjungmedar,Sumedang,32.11.21,Tanjungmedar,Sumedang,0.9642,0.8745,candidate_same_name
ID3211180,Buahdua,Sumedang,32.11.10,Buahdua,Sumedang,0.9629,0.9118,candidate_same_name
ID3211181,Surian,Sumedang,32.11.09,Surian,Sumedang,0.9758,0.8796,candidate_same_name
ID3212010,Haurgeulis,Indramayu,32.12.01,Haurgeulis,Indramayu,0.9756,0.9489,candidate_same_name
ID3212011,Gantar,Indramayu,32.12.25,Gantar,Indramayu,0.9892,0.9342,candidate_same_name
ID3212020,Kroya,Indramayu,32.12.02,Kroya,Indramayu,0.9935,0.9805,candidate_same_name
ID3212030,Gabuswetan,Indramayu,32.12.03,Gabuswetan,Indramayu,0.9816,0.9601,candidate_same_name
ID3212040,Cikedung,Indramayu,32.12.04,Cikedung,Indramayu,0.9793,0.9552,candidate_same_name
ID3212041,Terisi,Indramayu,32.12.26,Terisi,Indramayu,0.9638,0.8585,candidate_same_name
ID3212050,Lelea,Indramayu,32.12.05,Lelea,Indramayu,0.9684,0.9343,candidate_same_name
ID3212060,Bangodua,Indramayu,32.12.06,Bangodua,Indramayu,0.9379,0.8358,candidate_same_name
ID3212061,Tukdana,Indramayu,32.12.30,Tukdana,Indramayu,0.9738,0.9198,candidate_same_name
ID3212070,Widasari,Indramayu,32.12.07,Widasari,Indramayu,0.9739,0.9118,candidate_same_name
ID3212080,Kertasemaya,Indramayu,32.12.08,Kertasemaya,Indramayu,0.9698,0.932,candidate_same_name
ID3212081,Sukagumiwang,Indramayu,32.12.27,Sukagumiwang,Indramayu,0.9878,0.9644,candidate_same_name
ID3212090,Krangkeng,Indramayu,32.12.09,Krangkeng,Indramayu,0.9875,0.9574,candidate_same_name
ID3212100,Karangampel,Indramayu,32.12.10,Karangampel,Indramayu,0.9579,0.9036,candidate_same_name
ID3212101,Kedokan Bunder,Indramayu,32.12.28,Kedokan Bunder,Indramayu,0.9736,0.9295,candidate_same_name
ID3212110,Juntinyuat,Indramayu,32.12.11,Juntinyuat,Indramayu,0.9594,0.9136,candidate_same_name
ID3212120,Sliyeg,Indramayu,32.12.12,Sliyeg,Indramayu,0.9596,0.9196,candidate_same_name
ID3212130,Jatibarang,Indramayu,32.12.13,Jatibarang,Indramayu,0.9592,0.9203,candidate_same_name
ID3212140,Balongan,Indramayu,32.12.14,Balongan,Indramayu,0.9606,0.9208,candidate_same_name
ID3212150,Indramayu,Indramayu,32.12.15,Indramayu,Indramayu,0.982,0.9599,candidate_same_name
ID3212160,Sindang,Indramayu,32.12.16,Sindang,Indramayu,0.9321,0.8487,candidate_same_name
ID3212161,Cantigi,Indramayu,32.12.17,Cantigi,Indramayu,0.9673,0.8122,candidate_same_name
ID3212162,Pasekan,Indramayu,32.12.29,Pasekan,Indramayu,0.9442,0.8922,candidate_same_name
ID3212170,Lohbener,Indramayu,32.12.18,Lohbener,Indramayu,0.9637,0.9232,candidate_same_name
ID3212171,Arahan,Indramayu,32.12.19,Arahan,Indramayu,0.9713,0.9325,candidate_same_name
ID3212180,Losarang,Indramayu,32.12.20,Losarang,Indramayu,0.9399,0.8321,candidate_same_name
ID3212190,Kandanghaur,Indramayu,32.12.21,Kandanghaur,Indramayu,0.9812,0.924,candidate_same_name
ID3212200,Bongas,Indramayu,32.12.22,Bongas,Indramayu,0.9857,0.9691,candidate_same_name
ID3212210,Anjatan,Indramayu,32.12.23,Anjatan,Indramayu,0.9846,0.9382,candidate_same_name
ID3212220,Sukra,Indramayu,32.12.24,Sukra,Indramayu,0.9869,0.8632,candidate_same_name
ID3212221,Patrol,Indramayu,32.12.31,Patrol,Indramayu,0.9824,0.9577,candidate_same_name
ID3213010,Sagalaherang,Subang,32.13.01,Sagalaherang,Subang,0.8872,0.7507,candidate_same_name
ID3213011,Serangpanjang,Subang,32.13.23,Serangpanjang,Subang,0.9423,0.8609,candidate_same_name
ID3213020,Jalancagak,Subang,32.13.12,Jalancagak,Subang,0.8823,0.7574,candidate_same_name
ID3213021,Ciater,Subang,32.13.29,Ciater,Subang,0.9612,0.8934,candidate_same_name
ID3213030,Cisalak,Subang,32.13.02,Cisalak,Subang,0.9881,0.9215,candidate_same_name
ID3213031,Kasomalang,Subang,32.13.26,Kasomalang,Subang,0.8341,0.6476,hold_boundary_or_split
ID3213040,Tanjungsiang,Subang,32.13.14,Tanjungsiang,Subang,0.9395,0.8711,candidate_same_name
ID3213050,Cijambe,Subang,32.13.19,Cijambe,Subang,0.9352,0.7731,candidate_same_name
ID3213060,Cibogo,Subang,32.13.17,Cibogo,Subang,0.9396,0.8093,candidate_same_name
ID3213070,Subang,Subang,32.13.03,Subang,Subang,0.8737,0.7161,candidate_same_name
ID3213080,Kalijati,Subang,32.13.04,Kalijati,Subang,0.932,0.8187,candidate_same_name
ID3213081,Dawuan,Subang,32.13.27,Dawuan,Subang,0.9318,0.849,candidate_same_name
ID3213090,Cipeundeuy,Subang,32.13.20,Cipeundeuy,Subang,0.9692,0.893,candidate_same_name
ID3213100,Pabuaran,Subang,32.13.05,Pabuaran,Subang,0.935,0.8651,candidate_same_name
ID3213110,Patokbeusi,Subang,32.13.16,Patokbeusi,Subang,0.9635,0.8427,candidate_same_name
ID3213120,Purwadadi,Subang,32.13.06,Purwadadi,Subang,0.9361,0.8483,candidate_same_name
ID3213130,Cikaum,Subang,32.13.22,Cikaum,Subang,0.9217,0.8152,candidate_same_name
ID3213140,Pagaden,Subang,32.13.07,Pagaden,Subang,0.873,0.7648,candidate_same_name
ID3213141,Pagaden Barat,Subang,32.13.28,Pagaden Barat,Subang,0.921,0.8233,candidate_same_name
ID3213150,Cipunagara,Subang,32.13.18,Cipunagara,Subang,0.9594,0.8961,candidate_same_name
ID3213160,Compreng,Subang,32.13.15,Compreng,Subang,0.9471,0.8511,candidate_same_name
ID3213170,Binong,Subang,32.13.08,Binong,Subang,0.9186,0.8293,candidate_same_name
ID3213171,Tambakdahan,Subang,32.13.25,Tambakdahan,Subang,0.9073,0.8265,candidate_same_name
ID3213180,Ciasem,Subang,32.13.09,Ciasem,Subang,0.9551,0.8349,candidate_same_name
ID3213190,Pamanukan,Subang,32.13.11,Pamanukan,Subang,0.8904,0.7692,candidate_same_name
ID3213191,Sukasari,Subang,32.13.24,Sukasari,Subang,0.9399,0.8433,candidate_same_name
ID3213200,Pusakanagara,Subang,32.13.10,Pusakanagara,Subang,0.8652,0.7553,candidate_same_name
ID3213201,Pusakajaya,Subang,32.13.30,Pusakajaya,Subang,0.9031,0.7739,candidate_same_name
ID3213210,Legonkulon,Subang,32.13.21,Legonkulon,Subang,0.9909,0.796,candidate_same_name
ID3213220,Blanakan,Subang,32.13.13,Blanakan,Subang,0.9592,0.8936,candidate_same_name
ID3214010,Jatiluhur,Purwakarta,32.14.03,Jatiluhur,Purwakarta,0.9755,0.8375,candidate_same_name
ID3214011,Sukasari,Purwakarta,32.14.15,Sukasari,Purwakarta,0.9615,0.6746,hold_boundary_or_split
ID3214020,Maniis,Purwakarta,32.14.07,Maniis,Purwakarta,0.978,0.8388,candidate_same_name
ID3214030,Tegal Waru,Purwakarta,32.14.08,Tegalwaru,Purwakarta,0.9815,0.901,candidate_same_name
ID3214040,Plered,Purwakarta,32.14.04,Plered,Purwakarta,0.9816,0.9419,candidate_same_name
ID3214050,Sukatani,Purwakarta,32.14.05,Sukatani,Purwakarta,0.9816,0.7482,candidate_same_name
ID3214060,Darangdan,Purwakarta,32.14.06,Darangdan,Purwakarta,0.9783,0.8835,candidate_same_name
ID3214070,Bojong,Purwakarta,32.14.11,Bojong,Purwakarta,0.9813,0.8783,candidate_same_name
ID3214080,Wanayasa,Purwakarta,32.14.09,Wanayasa,Purwakarta,0.9624,0.9123,candidate_same_name
ID3214081,Kiarapedes,Purwakarta,32.14.17,Kiarapedes,Purwakarta,0.983,0.9157,candidate_same_name
ID3214090,Pasawahan,Purwakarta,32.14.10,Pasawahan,Purwakarta,0.9724,0.856,candidate_same_name
ID3214091,Pondok Salam,Purwakarta,32.14.16,Pondoksalam,Purwakarta,0.9597,0.8477,candidate_same_name
ID3214100,Purwakarta,Purwakarta,32.14.01,Purwakarta,Purwakarta,0.9814,0.9382,candidate_same_name
ID3214101,Babakancikao,Purwakarta,32.14.12,Babakancikao,Purwakarta,0.9883,0.9747,candidate_same_name
ID3214110,Campaka,Purwakarta,32.14.02,Campaka,Purwakarta,0.9631,0.9271,candidate_same_name
ID3214111,Cibatu,Purwakarta,32.14.14,Cibatu,Purwakarta,0.972,0.9441,candidate_same_name
ID3214112,Bungursari,Purwakarta,32.14.13,Bungursari,Purwakarta,0.9819,0.9481,candidate_same_name
ID3214888,Waduk Jatiluhur,Purwakarta,32.14.15,Sukasari,Purwakarta,0.5071,0.2252,exclude_non_kecamatan
ID3215010,Pangkalan,Karawang,32.15.02,Pangkalan,Karawang,0.966,0.9317,candidate_same_name
ID3215011,Tegalwaru,Karawang,32.15.28,Tegalwaru,Karawang,0.9853,0.948,candidate_same_name
ID3215020,Ciampel,Karawang,32.15.04,Ciampel,Karawang,0.9732,0.9447,candidate_same_name
ID3215031,Telukjambe Timur,Karawang,32.15.03,Telukjambe Timur,Karawang,0.9688,0.8956,candidate_same_name
ID3215032,Telukjambe Barat,Karawang,32.15.27,Telukjambe Barat,Karawang,0.9885,0.9225,candidate_same_name
ID3215040,Klari,Karawang,32.15.05,Klari,Karawang,0.9746,0.946,candidate_same_name
ID3215050,Cikampek,Karawang,32.15.13,Cikampek,Karawang,0.9666,0.892,candidate_same_name
ID3215051,Purwasari,Karawang,32.15.29,Purwasari,Karawang,0.9716,0.9445,candidate_same_name
ID3215060,Tirtamulya,Karawang,32.15.16,Tirtamulya,Karawang,0.9685,0.9239,candidate_same_name
ID3215070,Jatisari,Karawang,32.15.14,Jatisari,Karawang,0.9855,0.9609,candidate_same_name
ID3215071,Banyusari,Karawang,32.15.24,Banyusari,Karawang,0.9695,0.9303,candidate_same_name
ID3215072,Kotabaru,Karawang,32.15.25,Kota Baru,Karawang,0.9653,0.9234,candidate_name_difference
ID3215081,Cilamaya Wetan,Karawang,32.15.15,Cilamaya Wetan,Karawang,0.9859,0.9427,candidate_same_name
ID3215082,Cilamaya Kulon,Karawang,32.15.23,Cilamaya Kulon,Karawang,0.9614,0.9184,candidate_same_name
ID3215090,Lemahabang,Karawang,32.15.19,Lemahabang,Karawang,0.9862,0.9254,candidate_same_name
ID3215100,Talagasari,Karawang,32.15.17,Telagasari,Karawang,0.9759,0.9448,candidate_name_difference
ID3215111,Majalaya,Karawang,32.15.21,Majalaya,Karawang,0.957,0.9135,candidate_same_name
ID3215112,Karawang Timur,Karawang,32.15.26,Karawang Timur,Karawang,0.9396,0.8347,candidate_same_name
ID3215113,Karawang Barat,Karawang,32.15.01,Karawang Barat,Karawang,0.9708,0.897,candidate_same_name
ID3215120,Rawamerta,Karawang,32.15.18,Rawamerta,Karawang,0.9742,0.9439,candidate_same_name
ID3215130,Tempuran,Karawang,32.15.20,Tempuran,Karawang,0.9714,0.9255,candidate_same_name
ID3215140,Kutawaluya,Karawang,32.15.07,Kutawaluya,Karawang,0.9807,0.9034,candidate_same_name
ID3215150,Rengasdengklok,Karawang,32.15.06,Rengasdengklok,Karawang,0.9804,0.8593,candidate_same_name
ID3215151,Jayakerta,Karawang,32.15.22,Jayakerta,Karawang,0.9357,0.874,candidate_same_name
ID3215160,Pedes,Karawang,32.15.10,Pedes,Karawang,0.9535,0.8925,candidate_same_name
ID3215161,Cilebar,Karawang,32.15.30,Cilebar,Karawang,0.9646,0.9226,candidate_same_name
ID3215170,Cibuaya,Karawang,32.15.11,Cibuaya,Karawang,0.9804,0.9139,candidate_same_name
ID3215180,Tirtajaya,Karawang,32.15.09,Tirtajaya,Karawang,0.9747,0.9175,candidate_same_name
ID3215190,Batujaya,Karawang,32.15.08,Batujaya,Karawang,0.9772,0.9185,candidate_same_name
ID3215200,Pakisjaya,Karawang,32.15.12,Pakisjaya,Karawang,0.9884,0.9556,candidate_same_name
ID3216010,Setu,Bekasi,32.16.18,Setu,Bekasi,0.9753,0.9399,candidate_same_name
ID3216021,Serang Baru,Bekasi,32.16.21,Serang Baru,Bekasi,0.9653,0.9007,candidate_same_name
ID3216022,Cikarang Pusat,Bekasi,32.16.20,Cikarang Pusat,Bekasi,0.9574,0.9178,candidate_same_name
ID3216023,Cikarang Selatan,Bekasi,32.16.19,Cikarang Selatan,Bekasi,0.9735,0.9337,candidate_same_name
ID3216030,Cibarusah,Bekasi,32.16.22,Cibarusah,Bekasi,0.9616,0.8901,candidate_same_name
ID3216031,Bojongmangu,Bekasi,32.16.23,Bojongmangu,Bekasi,0.9804,0.9255,candidate_same_name
ID3216041,Cikarang Timur,Bekasi,32.16.11,Cikarang Timur,Bekasi,0.9787,0.941,candidate_same_name
ID3216050,Kedungwaringin,Bekasi,32.16.12,Kedung Waringin,Bekasi,0.9832,0.9538,candidate_same_name
ID3216061,Cikarang Utara,Bekasi,32.16.09,Cikarang Utara,Bekasi,0.9894,0.9671,candidate_same_name
ID3216062,Karangbahagia,Bekasi,32.16.10,Karang Bahagia,Bekasi,0.9861,0.9631,candidate_same_name
ID3216070,Cibitung,Bekasi,32.16.07,Cibitung,Bekasi,0.9782,0.9352,candidate_same_name
ID3216071,Cikarang Barat,Bekasi,32.16.08,Cikarang Barat,Bekasi,0.9875,0.9585,candidate_same_name
ID3216081,Tambun Selatan,Bekasi,32.16.06,Tambun Selatan,Bekasi,0.9653,0.9232,candidate_same_name
ID3216082,Tambun Utara,Bekasi,32.16.05,Tambun Utara,Bekasi,0.9865,0.9591,candidate_same_name
ID3216090,Babelan,Bekasi,32.16.02,Babelan,Bekasi,0.9712,0.9248,candidate_same_name
ID3216100,Tarumajaya,Bekasi,32.16.01,Tarumajaya,Bekasi,0.9817,0.9394,candidate_same_name
ID3216110,Tambelang,Bekasi,32.16.04,Tambelang,Bekasi,0.9743,0.9231,candidate_same_name
ID3216111,Sukawangi,Bekasi,32.16.03,Sukawangi,Bekasi,0.9739,0.9286,candidate_same_name
ID3216120,Sukatani,Bekasi,32.16.15,Sukatani,Bekasi,0.9642,0.9293,candidate_same_name
ID3216121,Sukakarya,Bekasi,32.16.14,Sukakarya,Bekasi,0.9751,0.9459,candidate_same_name
ID3216130,Pebayuran,Bekasi,32.16.13,Pebayuran,Bekasi,0.994,0.9858,candidate_same_name
ID3216140,Cabangbungin,Bekasi,32.16.16,Cabangbungin,Bekasi,0.9799,0.9567,candidate_same_name
ID3216150,Muara Gembong,Bekasi,32.16.17,Muaragembong,Bekasi,0.972,0.8444,candidate_same_name
ID3217010,Rongga,Bandung Barat,32.17.13,Rongga,Bandung Barat,0.9854,0.9509,candidate_same_name
ID3217020,Gununghalu,Bandung Barat,32.17.15,Gununghalu,Bandung Barat,0.9782,0.9184,candidate_same_name
ID3217030,Sindangkerta,Bandung Barat,32.17.14,Sindangkerta,Bandung Barat,0.976,0.8501,candidate_same_name
ID3217040,Cililin,Bandung Barat,32.17.11,Cililin,Bandung Barat,0.9712,0.796,candidate_same_name
ID3217050,Cihampelas,Bandung Barat,32.17.10,Cihampelas,Bandung Barat,0.9792,0.8279,candidate_same_name
ID3217060,Cipongkor,Bandung Barat,32.17.12,Cipongkor,Bandung Barat,0.9793,0.9164,candidate_same_name
ID3217070,Batujajar,Bandung Barat,32.17.09,Batujajar,Bandung Barat,0.9456,0.816,candidate_same_name
ID3217071,Saguling,Bandung Barat,32.17.16,Saguling,Bandung Barat,0.9951,0.8691,candidate_same_name
ID3217080,Cipatat,Bandung Barat,32.17.07,Cipatat,Bandung Barat,0.9686,0.9369,candidate_same_name
ID3217090,Padalarang,Bandung Barat,32.17.08,Padalarang,Bandung Barat,0.9385,0.8838,candidate_same_name
ID3217100,Ngamprah,Bandung Barat,32.17.06,Ngamprah,Bandung Barat,0.9716,0.8636,candidate_same_name
ID3217110,Parongpong,Bandung Barat,32.17.02,Parongpong,Bandung Barat,0.9835,0.895,candidate_same_name
ID3217120,Lembang,Bandung Barat,32.17.01,Lembang,Bandung Barat,0.9904,0.939,candidate_same_name
ID3217130,Cisarua,Bandung Barat,32.17.03,Cisarua,Bandung Barat,0.9277,0.8104,candidate_same_name
ID3217140,Cikalong Wetan,Bandung Barat,32.17.04,Cikalongwetan,Bandung Barat,0.982,0.9545,candidate_same_name
ID3217150,Cipeundeuy,Bandung Barat,32.17.05,Cipeundeuy,Bandung Barat,0.9678,0.7408,candidate_same_name
ID3217888,Waduk,Bandung Barat,32.17.11,Cililin,Bandung Barat,0.3709,0.1213,exclude_non_kecamatan
ID3218010,Cimerak,Pangandaran,32.18.03,Cimerak,Pangandaran,0.9801,0.955,candidate_same_name
ID3218020,Cijulang,Pangandaran,32.18.02,Cijulang,Pangandaran,0.9691,0.9127,candidate_same_name
ID3218030,Cigugur,Pangandaran,32.18.04,Cigugur,Pangandaran,0.9798,0.8868,candidate_same_name
ID3218040,Langkaplancar,Pangandaran,32.18.05,Langkaplancar,Pangandaran,0.9697,0.9064,candidate_same_name
ID3218050,Parigi,Pangandaran,32.18.01,Parigi,Pangandaran,0.9703,0.923,candidate_same_name
ID3218060,Sidamulih,Pangandaran,32.18.10,Sidamulih,Pangandaran,0.9682,0.9259,candidate_same_name
ID3218070,Pangandaran,Pangandaran,32.18.09,Pangandaran,Pangandaran,0.9662,0.8814,candidate_same_name
ID3218080,Kalipucang,Pangandaran,32.18.08,Kalipucang,Pangandaran,0.9578,0.8872,candidate_same_name
ID3218090,Padaherang,Pangandaran,32.18.07,Padaherang,Pangandaran,0.9674,0.9344,candidate_same_name
ID3218100,Mangunjaya,Pangandaran,32.18.06,Mangunjaya,Pangandaran,0.9201,0.8512,candidate_same_name
ID3271010,Bogor Selatan,Kota Bogor,32.71.01,Bogor Selatan,Kota Bogor,0.9774,0.9553,candidate_same_name
ID3271020,Bogor Timur,Kota Bogor,32.71.02,Bogor Timur,Kota Bogor,0.9826,0.9525,candidate_same_name
ID3271030,Bogor Utara,Kota Bogor,32.71.05,Bogor Utara,Kota Bogor,0.976,0.9344,candidate_same_name
ID3271040,Bogor Tengah,Kota Bogor,32.71.03,Bogor Tengah,Kota Bogor,0.9694,0.9023,candidate_same_name
ID3271050,Bogor Barat,Kota Bogor,32.71.04,Bogor Barat,Kota Bogor,0.9776,0.9287,candidate_same_name
ID3271060,Tanah Sereal,Kota Bogor,32.71.06,Tanah Sareal,Kota Bogor,0.9781,0.9238,candidate_name_difference
ID3272010,Baros,Kota Sukabumi,32.72.05,Baros,Kota Sukabumi,0.9427,0.8905,candidate_same_name
ID3272011,Lembursitu,Kota Sukabumi,32.72.06,Lembursitu,Kota Sukabumi,0.9737,0.9339,candidate_same_name
ID3272012,Cibeureum,Kota Sukabumi,32.72.07,Cibeureum,Kota Sukabumi,0.9883,0.9603,candidate_same_name
ID3272020,Citamiang,Kota Sukabumi,32.72.03,Citamiang,Kota Sukabumi,0.9918,0.9665,candidate_same_name
ID3272030,Warudoyong,Kota Sukabumi,32.72.04,Warudoyong,Kota Sukabumi,0.9872,0.9646,candidate_same_name
ID3272040,Gunung Puyuh,Kota Sukabumi,32.72.01,Gunung Puyuh,Kota Sukabumi,0.9859,0.9584,candidate_same_name
ID3272050,Cikole,Kota Sukabumi,32.72.02,Cikole,Kota Sukabumi,0.9816,0.9053,candidate_same_name
ID3273010,Bandung Kulon,Kota Bandung,32.73.15,Bandung Kulon,Kota Bandung,0.988,0.937,candidate_same_name
ID3273020,Babakan Ciparay,Kota Bandung,32.73.03,Babakan Ciparay,Kota Bandung,0.9546,0.9115,candidate_same_name
ID3273030,Bojongloa Kaler,Kota Bandung,32.73.04,Bojongloa Kaler,Kota Bandung,0.9816,0.9588,candidate_same_name
ID3273040,Bojongloa Kidul,Kota Bandung,32.73.17,Bojongloa Kidul,Kota Bandung,0.9914,0.9273,candidate_same_name
ID3273050,Astanaanyar,Kota Bandung,32.73.10,Astanaanyar,Kota Bandung,0.9748,0.8987,candidate_same_name
ID3273060,Regol,Kota Bandung,32.73.11,Regol,Kota Bandung,0.9874,0.959,candidate_same_name
ID3273070,Lengkong,Kota Bandung,32.73.13,Lengkong,Kota Bandung,0.9817,0.9582,candidate_same_name
ID3273080,Bandung Kidul,Kota Bandung,32.73.21,Bandung Kidul,Kota Bandung,0.9702,0.9384,candidate_same_name
ID3273090,Buahbatu,Kota Bandung,32.73.22,Buahbatu,Kota Bandung,0.9863,0.9552,candidate_same_name
ID3273100,Rancasari,Kota Bandung,32.73.23,Rancasari,Kota Bandung,0.9762,0.9284,candidate_same_name
ID3273101,Gedebage,Kota Bandung,32.73.27,Gedebage,Kota Bandung,0.983,0.9396,candidate_same_name
ID3273110,Cibiru,Kota Bandung,32.73.25,Cibiru,Kota Bandung,0.9728,0.9326,candidate_same_name
ID3273111,Panyileukan,Kota Bandung,32.73.28,Panyileukan,Kota Bandung,0.978,0.9544,candidate_same_name
ID3273120,Ujung Berung,Kota Bandung,32.73.26,Ujungberung,Kota Bandung,0.9594,0.9194,candidate_same_name
ID3273121,Cinambo,Kota Bandung,32.73.29,Cinambo,Kota Bandung,0.9692,0.93,candidate_same_name
ID3273130,Arcamanik,Kota Bandung,32.73.24,Arcamanik,Kota Bandung,0.9823,0.9648,candidate_same_name
ID3273141,Antapani,Kota Bandung,32.73.20,Antapani,Kota Bandung,0.9718,0.9449,candidate_same_name
ID3273142,Mandalajati,Kota Bandung,32.73.30,Mandalajati,Kota Bandung,0.9857,0.932,candidate_same_name
ID3273150,Kiaracondong,Kota Bandung,32.73.16,Kiaracondong,Kota Bandung,0.989,0.9456,candidate_same_name
ID3273160,Batununggal,Kota Bandung,32.73.12,Batununggal,Kota Bandung,0.9868,0.9558,candidate_same_name
ID3273170,Sumur Bandung,Kota Bandung,32.73.19,Sumur Bandung,Kota Bandung,0.9871,0.9662,candidate_same_name
ID3273180,Andir,Kota Bandung,32.73.05,Andir,Kota Bandung,0.9782,0.9429,candidate_same_name
ID3273190,Cicendo,Kota Bandung,32.73.06,Cicendo,Kota Bandung,0.9941,0.9593,candidate_same_name
ID3273200,Bandung Wetan,Kota Bandung,32.73.09,Bandung Wetan,Kota Bandung,0.9804,0.9527,candidate_same_name
ID3273210,Cibeunying Kidul,Kota Bandung,32.73.14,Cibeunying Kidul,Kota Bandung,0.9769,0.9086,candidate_same_name
ID3273220,Cibeunying Kaler,Kota Bandung,32.73.18,Cibeunying Kaler,Kota Bandung,0.9676,0.9274,candidate_same_name
ID3273230,Coblong,Kota Bandung,32.73.02,Coblong,Kota Bandung,0.9747,0.9427,candidate_same_name
ID3273240,Sukajadi,Kota Bandung,32.73.07,Sukajadi,Kota Bandung,0.9872,0.973,candidate_same_name
ID3273250,Sukasari,Kota Bandung,32.73.01,Sukasari,Kota Bandung,0.9748,0.9426,candidate_same_name
ID3273260,Cidadap,Kota Bandung,32.73.08,Cidadap,Kota Bandung,0.9666,0.8646,candidate_same_name
ID3274010,Harjamukti,Kota Cirebon,32.74.03,Harjamukti,Kota Cirebon,0.979,0.9498,candidate_same_name
ID3274020,Lemahwungkuk,Kota Cirebon,32.74.02,Lemahwungkuk,Kota Cirebon,0.94,0.8827,candidate_same_name
ID3274030,Pekalipan,Kota Cirebon,32.74.04,Pekalipan,Kota Cirebon,0.9814,0.8891,candidate_same_name
ID3274040,Kesambi,Kota Cirebon,32.74.05,Kesambi,Kota Cirebon,0.9664,0.9347,candidate_same_name
ID3274050,Kejaksan,Kota Cirebon,32.74.01,Kejaksan,Kota Cirebon,0.9569,0.9165,candidate_same_name
ID3275010,Pondokgede,Kota Bekasi,32.75.08,Pondokgede,Kota Bekasi,0.9795,0.9363,candidate_same_name
ID3275011,Jatisampurna,Kota Bekasi,32.75.10,Jatisampurna,Kota Bekasi,0.9842,0.9201,candidate_same_name
ID3275012,Pondokmelati,Kota Bekasi,32.75.12,Pondokmelati,Kota Bekasi,0.9777,0.925,candidate_same_name
ID3275020,Jatiasih,Kota Bekasi,32.75.09,Jatiasih,Kota Bekasi,0.9783,0.9476,candidate_same_name
ID3275030,Bantargebang,Kota Bekasi,32.75.07,Bantargebang,Kota Bekasi,0.9555,0.9009,candidate_same_name
ID3275031,Mustikajaya,Kota Bekasi,32.75.11,Mustikajaya,Kota Bekasi,0.9855,0.9243,candidate_same_name
ID3275040,Bekasi Timur,Kota Bekasi,32.75.01,Bekasi Timur,Kota Bekasi,0.9962,0.9778,candidate_same_name
ID3275041,Rawalumbu,Kota Bekasi,32.75.05,Rawalumbu,Kota Bekasi,0.9847,0.9696,candidate_same_name
ID3275050,Bekasi Selatan,Kota Bekasi,32.75.04,Bekasi Selatan,Kota Bekasi,0.9859,0.9643,candidate_same_name
ID3275060,Bekasi Barat,Kota Bekasi,32.75.02,Bekasi Barat,Kota Bekasi,0.9838,0.958,candidate_same_name
ID3275061,Medan Satria,Kota Bekasi,32.75.06,Medansatria,Kota Bekasi,0.9292,0.8601,candidate_same_name
ID3275070,Bekasi Utara,Kota Bekasi,32.75.03,Bekasi Utara,Kota Bekasi,0.9687,0.9246,candidate_same_name
ID3276010,Sawangan,Kota Depok,32.76.03,Sawangan,Kota Depok,0.9803,0.9358,candidate_same_name
ID3276011,Bojongsari,Kota Depok,32.76.11,Bojongsari,Kota Depok,0.9832,0.9544,candidate_same_name
ID3276020,Pancoran Mas,Kota Depok,32.76.01,Pancoran Mas,Kota Depok,0.9816,0.9559,candidate_same_name
ID3276021,Cipayung,Kota Depok,32.76.07,Cipayung,Kota Depok,0.9734,0.9069,candidate_same_name
ID3276030,Sukma Jaya,Kota Depok,32.76.05,Sukmajaya,Kota Depok,0.983,0.9642,candidate_same_name
ID3276031,Cilodong,Kota Depok,32.76.08,Cilodong,Kota Depok,0.9747,0.9421,candidate_same_name
ID3276040,Cimanggis,Kota Depok,32.76.02,Cimanggis,Kota Depok,0.9656,0.9177,candidate_same_name
ID3276041,Tapos,Kota Depok,32.76.10,Tapos,Kota Depok,0.9848,0.9644,candidate_same_name
ID3276050,Beji,Kota Depok,32.76.06,Beji,Kota Depok,0.9793,0.9504,candidate_same_name
ID3276060,Limo,Kota Depok,32.76.04,Limo,Kota Depok,0.9854,0.9351,candidate_same_name
ID3276061,Cinere,Kota Depok,32.76.09,Cinere,Kota Depok,0.977,0.9439,candidate_same_name
ID3277010,Cimahi Selatan,Kota Cimahi,32.77.01,Cimahi Selatan,Kota Cimahi,0.9825,0.909,candidate_same_name
ID3277020,Cimahi Tengah,Kota Cimahi,32.77.02,Cimahi Tengah,Kota Cimahi,0.9802,0.9571,candidate_same_name
ID3277030,Cimahi Utara,Kota Cimahi,32.77.03,Cimahi Utara,Kota Cimahi,0.9488,0.892,candidate_same_name
ID3278010,Kawalu,Kota Tasikmalaya,32.78.05,Kawalu,Kota Tasikmalaya,0.9638,0.9119,candidate_same_name
ID3278020,Tamansari,Kota Tasikmalaya,32.78.07,Tamansari,Kota Tasikmalaya,0.9612,0.8875,candidate_same_name
ID3278030,Cibeureum,Kota Tasikmalaya,32.78.06,Cibeureum,Kota Tasikmalaya,0.947,0.8748,candidate_same_name
ID3278031,Purbaratu,Kota Tasikmalaya,32.78.10,Purbaratu,Kota Tasikmalaya,0.9497,0.8784,candidate_same_name
ID3278040,Tawang,Kota Tasikmalaya,32.78.03,Tawang,Kota Tasikmalaya,0.9421,0.8823,candidate_same_name
ID3278050,Cihideung,Kota Tasikmalaya,32.78.01,Cihideung,Kota Tasikmalaya,0.9426,0.8749,candidate_same_name
ID3278060,Mangkubumi,Kota Tasikmalaya,32.78.08,Mangkubumi,Kota Tasikmalaya,0.9661,0.9013,candidate_same_name
ID3278070,Indihiang,Kota Tasikmalaya,32.78.04,Indihiang,Kota Tasikmalaya,0.9604,0.9152,candidate_same_name
ID3278071,Bungursari,Kota Tasikmalaya,32.78.09,Bungursari,Kota Tasikmalaya,0.9631,0.8974,candidate_same_name
ID3278080,Cipedes,Kota Tasikmalaya,32.78.02,Cipedes,Kota Tasikmalaya,0.9606,0.9096,candidate_same_name
ID3279010,Banjar,Kota Banjar,32.79.01,Banjar,Kota Banjar,0.9669,0.9326,candidate_same_name
ID3279020,Purwaharja,Kota Banjar,32.79.03,Purwaharja,Kota Banjar,0.9894,0.9336,candidate_same_name
ID3279030,Pataruman,Kota Banjar,32.79.02,Pataruman,Kota Banjar,0.9871,0.9472,candidate_same_name
ID3279040,Langensari,Kota Banjar,32.79.04,Langensari,Kota Banjar,0.9755,0.9505,candidate_same_name
ID3288888,Waduk Cirata,Waduk Cirata,32.17.05,Cipeundeuy,Bandung Barat,0.4169,0.1696,exclude_non_kecamatan
ID3301010,Dayeuhluhur,Cilacap,33.01.16,Dayeuhluhur,Cilacap,0.9783,0.9513,candidate_same_name
ID3301020,Wanareja,Cilacap,33.01.15,Wanareja,Cilacap,0.9715,0.9435,candidate_same_name
ID3301030,Majenang,Cilacap,33.01.14,Majenang,Cilacap,0.9788,0.946,candidate_same_name
ID3301040,Cimanggu,Cilacap,33.01.13,Cimanggu,Cilacap,0.9923,0.9549,candidate_same_name
ID3301050,Karangpucung,Cilacap,33.01.12,Karangpucung,Cilacap,0.9568,0.8988,candidate_same_name
ID3301060,Cipari,Cilacap,33.01.18,Cipari,Cilacap,0.9924,0.931,candidate_same_name
ID3301070,Sidareja,Cilacap,33.01.11,Sidareja,Cilacap,0.9677,0.8743,candidate_same_name
ID3301080,Kedungreja,Cilacap,33.01.01,Kedungreja,Cilacap,0.9913,0.9762,candidate_same_name
ID3301090,Patimuan,Cilacap,33.01.19,Patimuan,Cilacap,0.9925,0.9823,candidate_same_name
ID3301100,Gandrungmangu,Cilacap,33.01.10,Gandrungmangu,Cilacap,0.9707,0.934,candidate_same_name
ID3301110,Bantarsari,Cilacap,33.01.20,Bantarsari,Cilacap,0.9005,0.7567,candidate_same_name
ID3301120,Kawunganten,Cilacap,33.01.09,Kawunganten,Cilacap,0.9326,0.8243,candidate_same_name
ID3301121,Kampung Laut,Cilacap,33.01.24,Kampung Laut,Cilacap,0.9449,0.8485,candidate_same_name
ID3301130,Jeruklegi,Cilacap,33.01.08,Jeruklegi,Cilacap,0.9852,0.9382,candidate_same_name
ID3301140,Kesugihan,Cilacap,33.01.02,Kesugihan,Cilacap,0.9815,0.9489,candidate_same_name
ID3301150,Adipala,Cilacap,33.01.03,Adipala,Cilacap,0.9733,0.9405,candidate_same_name
ID3301160,Maos,Cilacap,33.01.07,Maos,Cilacap,0.9648,0.9316,candidate_same_name
ID3301170,Sampang,Cilacap,33.01.17,Sampang,Cilacap,0.9801,0.94,candidate_same_name
ID3301180,Kroya,Cilacap,33.01.06,Kroya,Cilacap,0.978,0.9461,candidate_same_name
ID3301190,Binangun,Cilacap,33.01.04,Binangun,Cilacap,0.9638,0.9149,candidate_same_name
ID3301200,Nusawungu,Cilacap,33.01.05,Nusawungu,Cilacap,0.9796,0.903,candidate_same_name
ID3301710,Cilacap Selatan,Cilacap,33.01.21,Cilacap Selatan,Cilacap,0.9878,0.8935,candidate_same_name
ID3301720,Cilacap Tengah,Cilacap,33.01.22,Cilacap Tengah,Cilacap,0.9936,0.9529,candidate_same_name
ID3301730,Cilacap Utara,Cilacap,33.01.23,Cilacap Utara,Cilacap,0.985,0.9323,candidate_same_name
ID3302010,Lumbir,Banyumas,33.02.01,Lumbir,Banyumas,0.9682,0.9142,candidate_same_name
ID3302020,Wangon,Banyumas,33.02.02,Wangon,Banyumas,0.9624,0.9102,candidate_same_name
ID3302030,Jatilawang,Banyumas,33.02.03,Jatilawang,Banyumas,0.9722,0.9419,candidate_same_name
ID3302040,Rawalo,Banyumas,33.02.04,Rawalo,Banyumas,0.9801,0.9302,candidate_same_name
ID3302050,Kebasen,Banyumas,33.02.05,Kebasen,Banyumas,0.9698,0.9408,candidate_same_name
ID3302060,Kemranjen,Banyumas,33.02.06,Kemranjen,Banyumas,0.9842,0.9287,candidate_same_name
ID3302070,Sumpiuh,Banyumas,33.02.07,Sumpiuh,Banyumas,0.9731,0.919,candidate_same_name
ID3302080,Tambak,Banyumas,33.02.08,Tambak,Banyumas,0.9895,0.9464,candidate_same_name
ID3302090,Somagede,Banyumas,33.02.09,Somagede,Banyumas,0.9713,0.9426,candidate_same_name
ID3302100,Kalibagor,Banyumas,33.02.10,Kalibagor,Banyumas,0.9809,0.9464,candidate_same_name
ID3302110,Banyumas,Banyumas,33.02.11,Banyumas,Banyumas,0.9705,0.9306,candidate_same_name
ID3302120,Patikraja,Banyumas,33.02.12,Patikraja,Banyumas,0.976,0.9353,candidate_same_name
ID3302130,Purwojati,Banyumas,33.02.13,Purwojati,Banyumas,0.9587,0.9165,candidate_same_name
ID3302140,Ajibarang,Banyumas,33.02.14,Ajibarang,Banyumas,0.9792,0.9439,candidate_same_name
ID3302150,Gumelar,Banyumas,33.02.15,Gumelar,Banyumas,0.9736,0.9288,candidate_same_name
ID3302160,Pekuncen,Banyumas,33.02.16,Pekuncen,Banyumas,0.956,0.8704,candidate_same_name
ID3302170,Cilongok,Banyumas,33.02.17,Cilongok,Banyumas,0.9681,0.9248,candidate_same_name
ID3302180,Karanglewas,Banyumas,33.02.18,Karanglewas,Banyumas,0.9727,0.8802,candidate_same_name
ID3302190,Kedung Banteng,Banyumas,33.02.23,Kedungbanteng,Banyumas,0.9895,0.9671,candidate_same_name
ID3302200,Baturraden,Banyumas,33.02.22,Baturraden,Banyumas,0.9775,0.9557,candidate_same_name
ID3302210,Sumbang,Banyumas,33.02.21,Sumbang,Banyumas,0.9885,0.9574,candidate_same_name
ID3302220,Kembaran,Banyumas,33.02.20,Kembaran,Banyumas,0.9684,0.9167,candidate_same_name
ID3302230,Sokaraja,Banyumas,33.02.19,Sokaraja,Banyumas,0.9554,0.9035,candidate_same_name
ID3302710,Purwokerto Selatan,Banyumas,33.02.24,Purwokerto Selatan,Banyumas,0.9657,0.8996,candidate_same_name
ID3302720,Purwokerto Barat,Banyumas,33.02.25,Purwokerto Barat,Banyumas,0.9264,0.8507,candidate_same_name
ID3302730,Purwokerto Timur,Banyumas,33.02.26,Purwokerto Timur,Banyumas,0.9353,0.8733,candidate_same_name
ID3302740,Purwokerto Utara,Banyumas,33.02.27,Purwokerto Utara,Banyumas,0.9514,0.8965,candidate_same_name
ID3303010,Kemangkon,Purbalingga,33.03.01,Kemangkon,Purbalingga,0.9865,0.9492,candidate_same_name
ID3303020,Bukateja,Purbalingga,33.03.02,Bukateja,Purbalingga,0.9787,0.9252,candidate_same_name
ID3303030,Kejobong,Purbalingga,33.03.03,Kejobong,Purbalingga,0.9726,0.8961,candidate_same_name
ID3303040,Pengadegan,Purbalingga,33.03.16,Pengadegan,Purbalingga,0.9596,0.9217,candidate_same_name
ID3303050,Kaligondang,Purbalingga,33.03.04,Kaligondang,Purbalingga,0.9737,0.9437,candidate_same_name
ID3303060,Purbalingga,Purbalingga,33.03.05,Purbalingga,Purbalingga,0.9681,0.8701,candidate_same_name
ID3303070,Kalimanah,Purbalingga,33.03.06,Kalimanah,Purbalingga,0.9753,0.9064,candidate_same_name
ID3303080,Padamara,Purbalingga,33.03.15,Padamara,Purbalingga,0.9766,0.8987,candidate_same_name
ID3303090,Kutasari,Purbalingga,33.03.07,Kutasari,Purbalingga,0.9617,0.7965,candidate_same_name
ID3303100,Bojongsari,Purbalingga,33.03.14,Bojongsari,Purbalingga,0.8441,0.711,candidate_same_name
ID3303110,Mrebet,Purbalingga,33.03.08,Mrebet,Purbalingga,0.9594,0.8655,candidate_same_name
ID3303120,Bobotsari,Purbalingga,33.03.09,Bobotsari,Purbalingga,0.9479,0.8989,candidate_same_name
ID3303130,Karangreja,Purbalingga,33.03.10,Karangreja,Purbalingga,0.9691,0.9027,candidate_same_name
ID3303131,Karangjambu,Purbalingga,33.03.17,Karangjambu,Purbalingga,0.9771,0.7637,candidate_same_name
ID3303140,Karanganyar,Purbalingga,33.03.11,Karanganyar,Purbalingga,0.9244,0.8355,candidate_same_name
ID3303141,Kertanegara,Purbalingga,33.03.18,Kertanegara,Purbalingga,0.9816,0.6998,hold_boundary_or_split
ID3303150,Karangmoncol,Purbalingga,33.03.12,Karangmoncol,Purbalingga,0.9765,0.9396,candidate_same_name
ID3303160,Rembang,Purbalingga,33.03.13,Rembang,Purbalingga,0.9924,0.9597,candidate_same_name
ID3304010,Susukan,Banjarnegara,33.04.01,Susukan,Banjarnegara,0.9899,0.9776,candidate_same_name
ID3304020,Purwareja Klampok,Banjarnegara,33.04.02,Purworeja Klampok,Banjarnegara,0.9731,0.9223,candidate_name_difference
ID3304030,Mandiraja,Banjarnegara,33.04.03,Mandiraja,Banjarnegara,0.9766,0.9157,candidate_same_name
ID3304040,Purwanegara,Banjarnegara,33.04.04,Purwanegara,Banjarnegara,0.9854,0.9404,candidate_same_name
ID3304050,Bawang,Banjarnegara,33.04.05,Bawang,Banjarnegara,0.9513,0.9021,candidate_same_name
ID3304060,Banjarnegara,Banjarnegara,33.04.06,Banjarnegara,Banjarnegara,0.9753,0.8786,candidate_same_name
ID3304061,Pagedongan,Banjarnegara,33.04.20,Pagedongan,Banjarnegara,0.9404,0.8616,candidate_same_name
ID3304070,Sigaluh,Banjarnegara,33.04.07,Sigaluh,Banjarnegara,0.9579,0.8959,candidate_same_name
ID3304080,Madukara,Banjarnegara,33.04.08,Madukara,Banjarnegara,0.9843,0.9517,candidate_same_name
ID3304090,Banjarmangu,Banjarnegara,33.04.09,Banjarmangu,Banjarnegara,0.9704,0.9336,candidate_same_name
ID3304100,Wanadadi,Banjarnegara,33.04.10,Wanadadi,Banjarnegara,0.9566,0.9083,candidate_same_name
ID3304110,Rakit,Banjarnegara,33.04.11,Rakit,Banjarnegara,0.9793,0.9438,candidate_same_name
ID3304120,Punggelan,Banjarnegara,33.04.12,Punggelan,Banjarnegara,0.991,0.9722,candidate_same_name
ID3304130,Karangkobar,Banjarnegara,33.04.13,Karangkobar,Banjarnegara,0.965,0.9299,candidate_same_name
ID3304140,Pagentan,Banjarnegara,33.04.14,Pagentan,Banjarnegara,0.9723,0.9374,candidate_same_name
ID3304150,Pejawaran,Banjarnegara,33.04.15,Pejawaran,Banjarnegara,0.9686,0.895,candidate_same_name
ID3304160,Batur,Banjarnegara,33.04.16,Batur,Banjarnegara,0.9718,0.9008,candidate_same_name
ID3304170,Wanayasa,Banjarnegara,33.04.17,Wanayasa,Banjarnegara,0.9813,0.959,candidate_same_name
ID3304180,Kalibening,Banjarnegara,33.04.18,Kalibening,Banjarnegara,0.9886,0.932,candidate_same_name
ID3304181,Pandanarum,Banjarnegara,33.04.19,Pandanarum,Banjarnegara,0.9846,0.9213,candidate_same_name
ID3305010,Ayah,Kebumen,33.05.01,Ayah,Kebumen,0.9636,0.9266,candidate_same_name
ID3305020,Buayan,Kebumen,33.05.02,Buayan,Kebumen,0.9466,0.8932,candidate_same_name
ID3305030,Puring,Kebumen,33.05.03,Puring,Kebumen,0.978,0.9493,candidate_same_name
ID3305040,Petanahan,Kebumen,33.05.04,Petanahan,Kebumen,0.9635,0.9257,candidate_same_name
ID3305050,Klirong,Kebumen,33.05.05,Klirong,Kebumen,0.976,0.9167,candidate_same_name
ID3305060,Buluspesantren,Kebumen,33.05.06,Buluspesantren,Kebumen,0.982,0.9631,candidate_same_name
ID3305070,Ambal,Kebumen,33.05.07,Ambal,Kebumen,0.9845,0.961,candidate_same_name
ID3305080,Mirit,Kebumen,33.05.08,Mirit,Kebumen,0.9755,0.9406,candidate_same_name
ID3305081,Bonorowo,Kebumen,33.05.23,Bonorowo,Kebumen,0.9737,0.9017,candidate_same_name
ID3305090,Prembun,Kebumen,33.05.09,Prembun,Kebumen,0.9378,0.881,candidate_same_name
ID3305091,Padureso,Kebumen,33.05.24,Padureso,Kebumen,0.9759,0.926,hold_invalid_hdx_geometry
ID3305100,Kutowinangun,Kebumen,33.05.10,Kutowinangun,Kebumen,0.971,0.9341,candidate_same_name
ID3305110,Alian,Kebumen,33.05.11,Alian,Kebumen,0.9686,0.9273,candidate_same_name
ID3305111,Poncowarno,Kebumen,33.05.25,Poncowarno,Kebumen,0.9685,0.9165,candidate_same_name
ID3305120,Kebumen,Kebumen,33.05.12,Kebumen,Kebumen,0.9719,0.9407,candidate_same_name
ID3305130,Pejagoan,Kebumen,33.05.13,Pejagoan,Kebumen,0.9483,0.8972,candidate_same_name
ID3305140,Sruweng,Kebumen,33.05.14,Sruweng,Kebumen,0.948,0.8945,candidate_same_name
ID3305150,Adimulyo,Kebumen,33.05.15,Adimulyo,Kebumen,0.9549,0.9074,candidate_same_name
ID3305160,Kuwarasan,Kebumen,33.05.16,Kuwarasan,Kebumen,0.9378,0.8469,candidate_same_name
ID3305170,Rowokele,Kebumen,33.05.17,Rowokele,Kebumen,0.9466,0.8958,candidate_same_name
ID3305180,Sempor,Kebumen,33.05.18,Sempor,Kebumen,0.9646,0.9261,candidate_same_name
ID3305190,Gombong,Kebumen,33.05.19,Gombong,Kebumen,0.9228,0.8098,candidate_same_name
ID3305200,Karanganyar,Kebumen,33.05.20,Karanganyar,Kebumen,0.9363,0.8473,candidate_same_name
ID3305210,Karanggayam,Kebumen,33.05.21,Karanggayam,Kebumen,0.9651,0.9288,candidate_same_name
ID3305220,Sadang,Kebumen,33.05.22,Sadang,Kebumen,0.9785,0.8973,candidate_same_name
ID3305221,Karangsambung,Kebumen,33.05.26,Karangsambung,Kebumen,0.9843,0.9333,candidate_same_name
ID3306010,Grabag,Purworejo,33.06.01,Grabag,Purworejo,0.9835,0.9676,candidate_same_name
ID3306020,Ngombol,Purworejo,33.06.02,Ngombol,Purworejo,0.9756,0.9408,candidate_same_name
ID3306030,Purwodadi,Purworejo,33.06.03,Purwodadi,Purworejo,0.9643,0.9212,candidate_same_name
ID3306040,Bagelen,Purworejo,33.06.04,Bagelen,Purworejo,0.9811,0.9328,candidate_same_name
ID3306050,Kaligesing,Purworejo,33.06.05,Kaligesing,Purworejo,0.9756,0.9372,candidate_same_name
ID3306060,Purworejo,Purworejo,33.06.06,Purworejo,Purworejo,0.973,0.9334,candidate_same_name
ID3306070,Banyu Urip,Purworejo,33.06.07,Banyuurip,Purworejo,0.9728,0.9356,candidate_same_name
ID3306080,Bayan,Purworejo,33.06.08,Bayan,Purworejo,0.9727,0.9251,candidate_same_name
ID3306090,Kutoarjo,Purworejo,33.06.09,Kutoarjo,Purworejo,0.9721,0.936,candidate_same_name
ID3306100,Butuh,Purworejo,33.06.10,Butuh,Purworejo,0.9756,0.9478,candidate_same_name
ID3306110,Pituruh,Purworejo,33.06.11,Pituruh,Purworejo,0.9718,0.904,candidate_same_name
ID3306120,Kemiri,Purworejo,33.06.12,Kemiri,Purworejo,0.9765,0.9495,candidate_same_name
ID3306130,Bruno,Purworejo,33.06.13,Bruno,Purworejo,0.9845,0.951,candidate_same_name
ID3306140,Gebang,Purworejo,33.06.14,Gebang,Purworejo,0.9593,0.9014,candidate_same_name
ID3306150,Loano,Purworejo,33.06.15,Loano,Purworejo,0.9456,0.8698,candidate_same_name
ID3306160,Bener,Purworejo,33.06.16,Bener,Purworejo,0.9652,0.9216,candidate_same_name
ID3307010,Wadaslintang,Wonosobo,33.07.01,Wadaslintang,Wonosobo,0.9891,0.9299,candidate_same_name
ID3307020,Kepil,Wonosobo,33.07.02,Kepil,Wonosobo,0.9847,0.9339,candidate_same_name
ID3307030,Sapuran,Wonosobo,33.07.03,Sapuran,Wonosobo,0.9675,0.9312,candidate_same_name
ID3307031,Kalibawang,Wonosobo,33.07.15,Kalibawang,Wonosobo,0.9445,0.8857,candidate_same_name
ID3307040,Kaliwiro,Wonosobo,33.07.04,Kaliwiro,Wonosobo,0.9772,0.9263,candidate_same_name
ID3307050,Leksono,Wonosobo,33.07.05,Leksono,Wonosobo,0.9647,0.9164,candidate_same_name
ID3307051,Sukoharjo,Wonosobo,33.07.14,Sukoharjo,Wonosobo,0.9799,0.947,candidate_same_name
ID3307060,Selomerto,Wonosobo,33.07.06,Selomerto,Wonosobo,0.9755,0.9179,candidate_same_name
ID3307070,Kalikajar,Wonosobo,33.07.07,Kalikajar,Wonosobo,0.9756,0.9353,candidate_same_name
ID3307080,Kertek,Wonosobo,33.07.08,Kertek,Wonosobo,0.9883,0.8938,candidate_same_name
ID3307090,Wonosobo,Wonosobo,33.07.09,Wonosobo,Wonosobo,0.9669,0.9095,candidate_same_name
ID3307100,Watumalang,Wonosobo,33.07.10,Watumalang,Wonosobo,0.9489,0.8953,candidate_same_name
ID3307110,Mojotengah,Wonosobo,33.07.11,Mojotengah,Wonosobo,0.9366,0.8787,candidate_same_name
ID3307120,Garung,Wonosobo,33.07.12,Garung,Wonosobo,0.9635,0.8143,candidate_same_name
ID3307130,Kejajar,Wonosobo,33.07.13,Kejajar,Wonosobo,0.9519,0.8125,candidate_same_name
ID3308010,Salaman,Magelang,33.08.01,Salaman,Magelang,0.9561,0.8988,candidate_same_name
ID3308020,Borobudur,Magelang,33.08.02,Borobudur,Magelang,0.9773,0.9521,candidate_same_name
ID3308030,Ngluwar,Magelang,33.08.03,Ngluwar,Magelang,0.9673,0.9304,candidate_same_name
ID3308040,Salam,Magelang,33.08.04,Salam,Magelang,0.9851,0.8962,candidate_same_name
ID3308050,Srumbung,Magelang,33.08.05,Srumbung,Magelang,0.9831,0.8859,candidate_same_name
ID3308060,Dukun,Magelang,33.08.06,Dukun,Magelang,0.9705,0.9353,candidate_same_name
ID3308070,Muntilan,Magelang,33.08.08,Muntilan,Magelang,0.9857,0.9609,candidate_same_name
ID3308080,Mungkid,Magelang,33.08.09,Mungkid,Magelang,0.9764,0.9388,candidate_same_name
ID3308090,Sawangan,Magelang,33.08.07,Sawangan,Magelang,0.972,0.9437,candidate_same_name
ID3308100,Candimulyo,Magelang,33.08.15,Candimulyo,Magelang,0.9824,0.9582,candidate_same_name
ID3308110,Mertoyudan,Magelang,33.08.10,Mertoyudan,Magelang,0.9809,0.9604,candidate_same_name
ID3308120,Tempuran,Magelang,33.08.11,Tempuran,Magelang,0.9778,0.9308,candidate_same_name
ID3308130,Kajoran,Magelang,33.08.12,Kajoran,Magelang,0.9804,0.9454,candidate_same_name
ID3308140,Kaliangkrik,Magelang,33.08.13,Kaliangkrik,Magelang,0.9808,0.9561,candidate_same_name
ID3308150,Bandongan,Magelang,33.08.14,Bandongan,Magelang,0.9799,0.9526,candidate_same_name
ID3308160,Windusari,Magelang,33.08.21,Windusari,Magelang,0.9662,0.9255,candidate_same_name
ID3308170,Secang,Magelang,33.08.20,Secang,Magelang,0.9897,0.9312,candidate_same_name
ID3308180,Tegalrejo,Magelang,33.08.19,Tegalrejo,Magelang,0.9838,0.966,candidate_same_name
ID3308190,Pakis,Magelang,33.08.16,Pakis,Magelang,0.9757,0.9457,candidate_same_name
ID3308200,Grabag,Magelang,33.08.18,Grabag,Magelang,0.9822,0.9532,candidate_same_name
ID3308210,Ngablak,Magelang,33.08.17,Ngablak,Magelang,0.9712,0.9438,candidate_same_name
ID3309010,Selo,Boyolali,33.09.01,Selo,Boyolali,0.9714,0.9408,candidate_same_name
ID3309020,Ampel,Boyolali,33.09.20,Gladagsari,Boyolali,0.9929,0.6312,hold_boundary_or_split
ID3309030,Cepogo,Boyolali,33.09.03,Cepogo,Boyolali,0.9522,0.9063,candidate_same_name
ID3309040,Musuk,Boyolali,33.09.21,Tamansari,Boyolali,0.9869,0.5272,hold_boundary_or_split
ID3309050,Boyolali,Boyolali,33.09.05,Boyolali,Boyolali,0.9458,0.8736,candidate_same_name
ID3309060,Mojosongo,Boyolali,33.09.06,Mojosongo,Boyolali,0.9733,0.9162,candidate_same_name
ID3309070,Teras,Boyolali,33.09.07,Teras,Boyolali,0.9694,0.9395,candidate_same_name
ID3309080,Sawit,Boyolali,33.09.08,Sawit,Boyolali,0.9367,0.86,candidate_same_name
ID3309090,Banyudono,Boyolali,33.09.09,Banyudono,Boyolali,0.9841,0.931,candidate_same_name
ID3309100,Sambi,Boyolali,33.09.10,Sambi,Boyolali,0.9806,0.953,candidate_same_name
ID3309110,Ngemplak,Boyolali,33.09.11,Ngemplak,Boyolali,0.988,0.9519,candidate_same_name
ID3309120,Nogosari,Boyolali,33.09.12,Nogosari,Boyolali,0.984,0.9642,candidate_same_name
ID3309130,Simo,Boyolali,33.09.13,Simo,Boyolali,0.9759,0.9414,candidate_same_name
ID3309140,Karanggede,Boyolali,33.09.14,Karanggede,Boyolali,0.9693,0.9142,candidate_same_name
ID3309150,Klego,Boyolali,33.09.15,Klego,Boyolali,0.9735,0.9231,candidate_same_name
ID3309160,Andong,Boyolali,33.09.16,Andong,Boyolali,0.9856,0.9345,candidate_same_name
ID3309170,Kemusu,Boyolali,33.09.17,Kemusu,Boyolali,0.8417,0.674,hold_boundary_or_split
ID3309180,Wonosegoro,Boyolali,33.09.22,Wonosamodro,Boyolali,0.9637,0.5835,hold_boundary_or_split
ID3309190,Juwangi,Boyolali,33.09.19,Juwangi,Boyolali,0.9786,0.9554,candidate_same_name
ID3310010,Prambanan,Klaten,33.10.01,Prambanan,Klaten,0.961,0.9246,candidate_same_name
ID3310020,Gantiwarno,Klaten,33.10.02,Gantiwarno,Klaten,0.9729,0.9314,candidate_same_name
ID3310030,Wedi,Klaten,33.10.03,Wedi,Klaten,0.9805,0.9503,candidate_same_name
ID3310040,Bayat,Klaten,33.10.04,Bayat,Klaten,0.9816,0.9347,candidate_same_name
ID3310050,Cawas,Klaten,33.10.05,Cawas,Klaten,0.9772,0.9528,candidate_same_name
ID3310060,Trucuk,Klaten,33.10.06,Trucuk,Klaten,0.9791,0.9464,candidate_same_name
ID3310070,Kalikotes,Klaten,33.10.23,Kalikotes,Klaten,0.9803,0.9486,candidate_same_name
ID3310080,Kebonarum,Klaten,33.10.07,Kebonarum,Klaten,0.9677,0.9206,candidate_same_name
ID3310090,Jogonalan,Klaten,33.10.08,Jogonalan,Klaten,0.9423,0.8902,candidate_same_name
ID3310100,Manisrenggo,Klaten,33.10.09,Manisrenggo,Klaten,0.9852,0.9605,candidate_same_name
ID3310110,Karangnongko,Klaten,33.10.10,Karangnongko,Klaten,0.9724,0.935,candidate_same_name
ID3310120,Ngawen,Klaten,33.10.22,Ngawen,Klaten,0.9712,0.9337,candidate_same_name
ID3310130,Ceper,Klaten,33.10.11,Ceper,Klaten,0.973,0.8857,candidate_same_name
ID3310140,Pedan,Klaten,33.10.12,Pedan,Klaten,0.9559,0.8484,candidate_same_name
ID3310150,Karangdowo,Klaten,33.10.13,Karangdowo,Klaten,0.9722,0.9387,candidate_same_name
ID3310160,Juwiring,Klaten,33.10.14,Juwiring,Klaten,0.9665,0.9309,candidate_same_name
ID3310170,Wonosari,Klaten,33.10.15,Wonosari,Klaten,0.978,0.9554,candidate_same_name
ID3310180,Delanggu,Klaten,33.10.16,Delanggu,Klaten,0.9803,0.934,candidate_same_name
ID3310190,Polanharjo,Klaten,33.10.17,Polanharjo,Klaten,0.9714,0.9105,candidate_same_name
ID3310200,Karanganom,Klaten,33.10.18,Karanganom,Klaten,0.9805,0.9433,candidate_same_name
ID3310210,Tulung,Klaten,33.10.19,Tulung,Klaten,0.9812,0.9516,candidate_same_name
ID3310220,Jatinom,Klaten,33.10.20,Jatinom,Klaten,0.9801,0.9447,candidate_same_name
ID3310230,Kemalang,Klaten,33.10.21,Kemalang,Klaten,0.9864,0.9433,candidate_same_name
ID3310710,Klaten Selatan,Klaten,33.10.26,Klaten Selatan,Klaten,0.9699,0.9366,candidate_same_name
ID3310720,Klaten Tengah,Klaten,33.10.25,Klaten Tengah,Klaten,0.9702,0.9382,candidate_same_name
ID3310730,Klaten Utara,Klaten,33.10.24,Klaten Utara,Klaten,0.9735,0.9418,candidate_same_name
ID3311010,Weru,Sukoharjo,33.11.01,Weru,Sukoharjo,0.9768,0.9487,candidate_same_name
ID3311020,Bulu,Sukoharjo,33.11.02,Bulu,Sukoharjo,0.9858,0.9651,candidate_same_name
ID3311030,Tawangsari,Sukoharjo,33.11.03,Tawangsari,Sukoharjo,0.9807,0.9576,candidate_same_name
ID3311040,Sukoharjo,Sukoharjo,33.11.04,Sukoharjo,Sukoharjo,0.9863,0.9688,candidate_same_name
ID3311050,Nguter,Sukoharjo,33.11.05,Nguter,Sukoharjo,0.9893,0.9766,candidate_same_name
ID3311060,Bendosari,Sukoharjo,33.11.06,Bendosari,Sukoharjo,0.989,0.9781,candidate_same_name
ID3311070,Polokarto,Sukoharjo,33.11.07,Polokarto,Sukoharjo,0.9902,0.9797,candidate_same_name
ID3311080,Mojolaban,Sukoharjo,33.11.08,Mojolaban,Sukoharjo,0.993,0.976,candidate_same_name
ID3311090,Grogol,Sukoharjo,33.11.09,Grogol,Sukoharjo,0.9848,0.967,candidate_same_name
ID3311100,Baki,Sukoharjo,33.11.10,Baki,Sukoharjo,0.9872,0.9716,candidate_same_name
ID3311110,Gatak,Sukoharjo,33.11.11,Gatak,Sukoharjo,0.9831,0.959,candidate_same_name
ID3311120,Kartasura,Sukoharjo,33.11.12,Kartasura,Sukoharjo,0.9818,0.9567,candidate_same_name
ID3312010,Pracimantoro,Wonogiri,33.12.01,Pracimantoro,Wonogiri,0.9855,0.9624,candidate_same_name
ID3312020,Paranggupito,Wonogiri,33.12.24,Paranggupito,Wonogiri,0.9494,0.8715,candidate_same_name
ID3312030,Giritontro,Wonogiri,33.12.02,Giritontro,Wonogiri,0.9727,0.896,candidate_same_name
ID3312040,Giriwoyo,Wonogiri,33.12.03,Giriwoyo,Wonogiri,0.9826,0.9151,candidate_same_name
ID3312050,Batuwarno,Wonogiri,33.12.04,Batuwarno,Wonogiri,0.9771,0.9256,candidate_same_name
ID3312060,Karangtengah,Wonogiri,33.12.23,Karangtengah,Wonogiri,0.9149,0.7776,candidate_same_name
ID3312070,Tirtomoyo,Wonogiri,33.12.05,Tirtomoyo,Wonogiri,0.9905,0.9393,candidate_same_name
ID3312080,Nguntoronadi,Wonogiri,33.12.06,Nguntoronadi,Wonogiri,0.9902,0.8006,candidate_same_name
ID3312090,Baturetno,Wonogiri,33.12.07,Baturetno,Wonogiri,0.9901,0.7794,candidate_same_name
ID3312100,Eromoko,Wonogiri,33.12.08,Eromoko,Wonogiri,0.9938,0.9334,candidate_same_name
ID3312110,Wuryantoro,Wonogiri,33.12.09,Wuryantoro,Wonogiri,0.9748,0.7537,candidate_same_name
ID3312120,Manyaran,Wonogiri,33.12.10,Manyaran,Wonogiri,0.9895,0.9765,candidate_same_name
ID3312130,Selogiri,Wonogiri,33.12.11,Selogiri,Wonogiri,0.991,0.9802,candidate_same_name
ID3312140,Wonogiri,Wonogiri,33.12.12,Wonogiri,Wonogiri,0.977,0.9047,candidate_same_name
ID3312150,Ngadirojo,Wonogiri,33.12.13,Ngadirojo,Wonogiri,0.9814,0.9333,candidate_same_name
ID3312160,Sidoharjo,Wonogiri,33.12.14,Sidoharjo,Wonogiri,0.945,0.8439,candidate_same_name
ID3312170,Jatiroto,Wonogiri,33.12.15,Jatiroto,Wonogiri,0.9837,0.8744,candidate_same_name
ID3312180,Kismantoro,Wonogiri,33.12.16,Kismantoro,Wonogiri,0.977,0.9047,candidate_same_name
ID3312190,Purwantoro,Wonogiri,33.12.17,Purwantoro,Wonogiri,0.9853,0.9219,candidate_same_name
ID3312200,Bulukerto,Wonogiri,33.12.18,Bulukerto,Wonogiri,0.9563,0.8938,candidate_same_name
ID3312201,Puhpelem,Wonogiri,33.12.25,Puhpelem,Wonogiri,0.955,0.8583,candidate_same_name
ID3312210,Slogohimo,Wonogiri,33.12.19,Slogohimo,Wonogiri,0.9499,0.8637,candidate_same_name
ID3312220,Jatisrono,Wonogiri,33.12.20,Jatisrono,Wonogiri,0.9653,0.9093,candidate_same_name
ID3312230,Jatipurno,Wonogiri,33.12.21,Jatipurno,Wonogiri,0.966,0.8505,candidate_same_name
ID3312240,Girimarto,Wonogiri,33.12.22,Girimarto,Wonogiri,0.9674,0.9225,candidate_same_name
ID3312888,Waduk Gajahmungkur,Wonogiri,33.12.09,Wuryantoro,Wonogiri,0.2953,0.1471,exclude_non_kecamatan
ID3313010,Jatipuro,Karanganyar,33.13.01,Jatipuro,Karanganyar,0.9861,0.9482,candidate_same_name
ID3313020,Jatiyoso,Karanganyar,33.13.02,Jatiyoso,Karanganyar,0.9786,0.9257,candidate_same_name
ID3313030,Jumapolo,Karanganyar,33.13.03,Jumapolo,Karanganyar,0.9877,0.9702,candidate_same_name
ID3313040,Jumantono,Karanganyar,33.13.04,Jumantono,Karanganyar,0.9932,0.9755,candidate_same_name
ID3313050,Matesih,Karanganyar,33.13.05,Matesih,Karanganyar,0.985,0.9551,candidate_same_name
ID3313060,Tawangmangu,Karanganyar,33.13.06,Tawangmangu,Karanganyar,0.97,0.9389,candidate_same_name
ID3313070,Ngargoyoso,Karanganyar,33.13.07,Ngargoyoso,Karanganyar,0.9843,0.9523,candidate_same_name
ID3313080,Karangpandan,Karanganyar,33.13.08,Karangpandan,Karanganyar,0.9797,0.9579,candidate_same_name
ID3313090,Karanganyar,Karanganyar,33.13.09,Karanganyar,Karanganyar,0.9849,0.97,candidate_same_name
ID3313100,Tasikmadu,Karanganyar,33.13.10,Tasikmadu,Karanganyar,0.9844,0.9675,candidate_same_name
ID3313110,Jaten,Karanganyar,33.13.11,Jaten,Karanganyar,0.9879,0.9528,candidate_same_name
ID3313120,Colomadu,Karanganyar,33.13.12,Colomadu,Karanganyar,0.9858,0.9645,candidate_same_name
ID3313130,Gondangrejo,Karanganyar,33.13.13,Gondangrejo,Karanganyar,0.9926,0.9849,candidate_same_name
ID3313140,Kebakkramat,Karanganyar,33.13.14,Kebakkramat,Karanganyar,0.9897,0.9789,candidate_same_name
ID3313150,Mojogedang,Karanganyar,33.13.15,Mojogedang,Karanganyar,0.9876,0.9755,candidate_same_name
ID3313160,Kerjo,Karanganyar,33.13.16,Kerjo,Karanganyar,0.9784,0.9531,candidate_same_name
ID3313170,Jenawi,Karanganyar,33.13.17,Jenawi,Karanganyar,0.9769,0.9097,candidate_same_name
ID3314010,Kalijambe,Sragen,33.14.01,Kalijambe,Sragen,0.9778,0.9441,candidate_same_name
ID3314020,Plupuh,Sragen,33.14.02,Plupuh,Sragen,0.9785,0.9566,candidate_same_name
ID3314030,Masaran,Sragen,33.14.03,Masaran,Sragen,0.9894,0.9781,candidate_same_name
ID3314040,Kedawung,Sragen,33.14.04,Kedawung,Sragen,0.9864,0.9626,candidate_same_name
ID3314050,Sambirejo,Sragen,33.14.05,Sambirejo,Sragen,0.9634,0.9202,candidate_same_name
ID3314060,Gondang,Sragen,33.14.06,Gondang,Sragen,0.9865,0.9404,candidate_same_name
ID3314070,Sambung Macan,Sragen,33.14.07,Sambungmacan,Sragen,0.9896,0.9746,candidate_same_name
ID3314080,Ngrampal,Sragen,33.14.08,Ngrampal,Sragen,0.9875,0.962,candidate_same_name
ID3314090,Karangmalang,Sragen,33.14.09,Karangmalang,Sragen,0.981,0.9574,candidate_same_name
ID3314100,Sragen,Sragen,33.14.10,Sragen,Sragen,0.9771,0.9506,candidate_same_name
ID3314110,Sidoharjo,Sragen,33.14.11,Sidoharjo,Sragen,0.9915,0.9797,candidate_same_name
ID3314120,Tanon,Sragen,33.14.12,Tanon,Sragen,0.9887,0.972,candidate_same_name
ID3314130,Gemolong,Sragen,33.14.13,Gemolong,Sragen,0.9777,0.9358,candidate_same_name
ID3314140,Miri,Sragen,33.14.14,Miri,Sragen,0.9822,0.7879,candidate_same_name
ID3314150,Sumberlawang,Sragen,33.14.15,Sumberlawang,Sragen,0.9773,0.8521,candidate_same_name
ID3314160,Mondokan,Sragen,33.14.16,Mondokan,Sragen,0.9899,0.9706,candidate_same_name
ID3314170,Sukodono,Sragen,33.14.17,Sukodono,Sragen,0.9788,0.9381,candidate_same_name
ID3314180,Gesi,Sragen,33.14.18,Gesi,Sragen,0.9748,0.932,candidate_same_name
ID3314190,Tangen,Sragen,33.14.19,Tangen,Sragen,0.9823,0.952,candidate_same_name
ID3314200,Jenar,Sragen,33.14.20,Jenar,Sragen,0.9929,0.9555,candidate_same_name
ID3315010,Kedungjati,Grobogan,33.15.01,Kedungjati,Grobogan,0.9743,0.9279,candidate_same_name
ID3315020,Karangrayung,Grobogan,33.15.02,Karangrayung,Grobogan,0.9865,0.9525,candidate_same_name
ID3315030,Penawangan,Grobogan,33.15.03,Penawangan,Grobogan,0.9689,0.9354,candidate_same_name
ID3315040,Toroh,Grobogan,33.15.04,Toroh,Grobogan,0.9728,0.9221,candidate_same_name
ID3315050,Geyer,Grobogan,33.15.05,Geyer,Grobogan,0.9746,0.9495,candidate_same_name
ID3315060,Pulokulon,Grobogan,33.15.06,Pulokulon,Grobogan,0.9785,0.8826,candidate_same_name
ID3315070,Kradenan,Grobogan,33.15.07,Kradenan,Grobogan,0.9845,0.8545,candidate_same_name
ID3315080,Gabus,Grobogan,33.15.08,Gabus,Grobogan,0.9727,0.943,candidate_same_name
ID3315090,Ngaringan,Grobogan,33.15.09,Ngaringan,Grobogan,0.9854,0.9438,candidate_same_name
ID3315100,Wirosari,Grobogan,33.15.10,Wirosari,Grobogan,0.9567,0.873,candidate_same_name
ID3315110,Tawangharjo,Grobogan,33.15.11,Tawangharjo,Grobogan,0.9185,0.8353,candidate_same_name
ID3315120,Grobogan,Grobogan,33.15.12,Grobogan,Grobogan,0.9673,0.8728,candidate_same_name
ID3315130,Purwodadi,Grobogan,33.15.13,Purwodadi,Grobogan,0.9782,0.9257,candidate_same_name
ID3315140,Brati,Grobogan,33.15.14,Brati,Grobogan,0.9507,0.8927,candidate_same_name
ID3315150,Klambu,Grobogan,33.15.15,Klambu,Grobogan,0.9562,0.91,candidate_same_name
ID3315160,Godong,Grobogan,33.15.16,Godong,Grobogan,0.9731,0.9331,candidate_same_name
ID3315170,Gubug,Grobogan,33.15.17,Gubug,Grobogan,0.9723,0.8785,candidate_same_name
ID3315180,Tegowanu,Grobogan,33.15.18,Tegowanu,Grobogan,0.9621,0.8367,candidate_same_name
ID3315190,Tanggungharjo,Grobogan,33.15.19,Tanggungharjo,Grobogan,0.978,0.8598,candidate_same_name
ID3316010,Jati,Blora,33.16.01,Jati,Blora,0.9908,0.9744,candidate_same_name
ID3316020,Randublatung,Blora,33.16.02,Randublatung,Blora,0.9918,0.9801,candidate_same_name
ID3316030,Kradenan,Blora,33.16.03,Kradenan,Blora,0.9908,0.942,candidate_same_name
ID3316040,Kedungtuban,Blora,33.16.04,Kedungtuban,Blora,0.9897,0.9794,candidate_same_name
ID3316050,Cepu,Blora,33.16.05,Cepu,Blora,0.9898,0.9441,candidate_same_name
ID3316060,Sambong,Blora,33.16.06,Sambong,Blora,0.9926,0.9446,candidate_same_name
ID3316070,Jiken,Blora,33.16.07,Jiken,Blora,0.9787,0.9503,candidate_same_name
ID3316080,Bogorejo,Blora,33.16.15,Bogorejo,Blora,0.9322,0.8284,candidate_same_name
ID3316090,Jepon,Blora,33.16.08,Jepon,Blora,0.9758,0.8849,candidate_same_name
ID3316100,Kota Blora,Blora,33.16.09,Blora,Blora,0.9764,0.8957,candidate_same_name
ID3316110,Banjarejo,Blora,33.16.11,Banjarejo,Blora,0.9778,0.9542,candidate_same_name
ID3316120,Tunjungan,Blora,33.16.10,Tunjungan,Blora,0.9832,0.9519,candidate_same_name
ID3316130,Japah,Blora,33.16.16,Japah,Blora,0.9923,0.9797,candidate_same_name
ID3316140,Ngawen,Blora,33.16.12,Ngawen,Blora,0.9791,0.944,candidate_same_name
ID3316150,Kunduran,Blora,33.16.13,Kunduran,Blora,0.9758,0.9493,candidate_same_name
ID3316160,Todanan,Blora,33.16.14,Todanan,Blora,0.985,0.9313,candidate_same_name
ID3317010,Sumber,Rembang,33.17.01,Sumber,Rembang,0.9841,0.9658,candidate_same_name
ID3317020,Bulu,Rembang,33.17.02,Bulu,Rembang,0.9879,0.9615,candidate_same_name
ID3317030,Gunem,Rembang,33.17.03,Gunem,Rembang,0.9588,0.9052,candidate_same_name
ID3317040,Sale,Rembang,33.17.04,Sale,Rembang,0.9641,0.9121,candidate_same_name
ID3317050,Sarang,Rembang,33.17.05,Sarang,Rembang,0.9921,0.9582,candidate_same_name
ID3317060,Sedan,Rembang,33.17.06,Sedan,Rembang,0.9676,0.9317,candidate_same_name
ID3317070,Pamotan,Rembang,33.17.07,Pamotan,Rembang,0.9525,0.8799,candidate_same_name
ID3317080,Sulang,Rembang,33.17.08,Sulang,Rembang,0.9813,0.9346,candidate_same_name
ID3317090,Kaliori,Rembang,33.17.09,Kaliori,Rembang,0.9654,0.9261,candidate_same_name
ID3317100,Rembang,Rembang,33.17.10,Rembang,Rembang,0.9717,0.9023,candidate_same_name
ID3317110,Pancur,Rembang,33.17.11,Pancur,Rembang,0.9278,0.8382,candidate_same_name
ID3317120,Kragan,Rembang,33.17.12,Kragan,Rembang,0.9827,0.9652,candidate_same_name
ID3317130,Sluke,Rembang,33.17.13,Sluke,Rembang,0.9716,0.9347,candidate_same_name
ID3317140,Lasem,Rembang,33.17.14,Lasem,Rembang,0.9536,0.8762,candidate_same_name
ID3318010,Sukolilo,Pati,33.18.01,Sukolilo,Pati,0.9537,0.8986,candidate_same_name
ID3318020,Kayen,Pati,33.18.02,Kayen,Pati,0.9269,0.8535,candidate_same_name
ID3318030,Tambakromo,Pati,33.18.03,Tambakromo,Pati,0.9601,0.8719,candidate_same_name
ID3318040,Winong,Pati,33.18.04,Winong,Pati,0.9488,0.8871,candidate_same_name
ID3318050,Pucakwangi,Pati,33.18.05,Pucakwangi,Pati,0.9639,0.9078,candidate_same_name
ID3318060,Jaken,Pati,33.18.06,Jaken,Pati,0.971,0.9168,candidate_same_name
ID3318070,Batangan,Pati,33.18.07,Batangan,Pati,0.9664,0.9227,candidate_same_name
ID3318080,Juwana,Pati,33.18.08,Juwana,Pati,0.9892,0.9333,candidate_same_name
ID3318090,Jakenan,Pati,33.18.09,Jakenan,Pati,0.9675,0.9145,candidate_same_name
ID3318100,Pati,Pati,33.18.10,Pati,Pati,0.985,0.9529,candidate_same_name
ID3318110,Gabus,Pati,33.18.11,Gabus,Pati,0.9757,0.9356,candidate_same_name
ID3318120,Margorejo,Pati,33.18.12,Margorejo,Pati,0.9734,0.9471,candidate_same_name
ID3318130,Gembong,Pati,33.18.13,Gembong,Pati,0.9605,0.8662,candidate_same_name
ID3318140,Tlogowungu,Pati,33.18.14,Tlogowungu,Pati,0.9581,0.9053,candidate_same_name
ID3318150,Wedarijaksa,Pati,33.18.15,Wedarijaksa,Pati,0.9656,0.9005,candidate_same_name
ID3318160,Trangkil,Pati,33.18.21,Trangkil,Pati,0.9519,0.8932,candidate_same_name
ID3318170,Margoyoso,Pati,33.18.16,Margoyoso,Pati,0.9863,0.9609,candidate_same_name
ID3318180,Gunung Wungkal,Pati,33.18.17,Gunungwungkal,Pati,0.981,0.9251,candidate_same_name
ID3318190,Cluwak,Pati,33.18.18,Cluwak,Pati,0.9821,0.9579,candidate_same_name
ID3318200,Tayu,Pati,33.18.19,Tayu,Pati,0.9883,0.9665,candidate_same_name
ID3318210,Dukuhseti,Pati,33.18.20,Dukuhseti,Pati,0.9901,0.9581,candidate_same_name
ID3319010,Kaliwungu,Kudus,33.19.01,Kaliwungu,Kudus,0.9537,0.853,candidate_same_name
ID3319020,Kota Kudus,Kudus,33.19.02,Kota Kudus,Kudus,0.9695,0.9055,candidate_same_name
ID3319030,Jati,Kudus,33.19.03,Jati,Kudus,0.932,0.8359,candidate_same_name
ID3319040,Undaan,Kudus,33.19.04,Undaan,Kudus,0.9646,0.8767,candidate_same_name
ID3319050,Mejobo,Kudus,33.19.05,Mejobo,Kudus,0.9739,0.9377,candidate_same_name
ID3319060,Jekulo,Kudus,33.19.06,Jekulo,Kudus,0.9814,0.9168,candidate_same_name
ID3319070,Bae,Kudus,33.19.07,Bae,Kudus,0.9497,0.8807,candidate_same_name
ID3319080,Gebog,Kudus,33.19.08,Gebog,Kudus,0.9534,0.8984,candidate_same_name
ID3319090,Dawe,Kudus,33.19.09,Dawe,Kudus,0.9726,0.9438,candidate_same_name
ID3320010,Kedung,Jepara,33.20.01,Kedung,Jepara,0.9806,0.9354,candidate_same_name
ID3320020,Pecangaan,Jepara,33.20.02,Pecangaan,Jepara,0.9795,0.9364,candidate_same_name
ID3320021,Kalinyamatan,Jepara,33.20.13,Kalinyamatan,Jepara,0.9674,0.9238,candidate_same_name
ID3320030,Welahan,Jepara,33.20.03,Welahan,Jepara,0.9691,0.92,candidate_same_name
ID3320040,Mayong,Jepara,33.20.04,Mayong,Jepara,0.9783,0.9382,candidate_same_name
ID3320050,Nalumsari,Jepara,33.20.12,Nalumsari,Jepara,0.9851,0.9528,candidate_same_name
ID3320060,Batealit,Jepara,33.20.05,Batealit,Jepara,0.9725,0.877,candidate_same_name
ID3320070,Tahunan,Jepara,33.20.11,Tahunan,Jepara,0.9782,0.9474,candidate_same_name
ID3320080,Jepara,Jepara,33.20.06,Jepara,Jepara,0.9659,0.9319,candidate_same_name
ID3320090,Mlonggo,Jepara,33.20.07,Mlonggo,Jepara,0.9704,0.9252,candidate_same_name
ID3320091,Pakis Aji,Jepara,33.20.15,Pakis Aji,Jepara,0.9607,0.8392,candidate_same_name
ID3320100,Bangsri,Jepara,33.20.08,Bangsri,Jepara,0.9846,0.9603,candidate_same_name
ID3320101,Kembang,Jepara,33.20.14,Kembang,Jepara,0.9916,0.9423,candidate_same_name
ID3320110,Keling,Jepara,33.20.09,Keling,Jepara,0.9885,0.9388,candidate_same_name
ID3320111,Donorojo,Jepara,33.20.16,Donorojo,Jepara,0.9896,0.9782,candidate_same_name
ID3320120,Karimunjawa,Jepara,33.20.10,Karimunjawa,Jepara,0.9648,0.9022,candidate_same_name
ID3321010,Mranggen,Demak,33.21.01,Mranggen,Demak,0.9779,0.919,candidate_same_name
ID3321020,Karangawen,Demak,33.21.02,Karangawen,Demak,0.9459,0.8662,candidate_same_name
ID3321030,Guntur,Demak,33.21.03,Guntur,Demak,0.9445,0.8836,candidate_same_name
ID3321040,Sayung,Demak,33.21.04,Sayung,Demak,0.9849,0.7268,candidate_same_name
ID3321050,Karang Tengah,Demak,33.21.05,Karangtengah,Demak,0.9758,0.9406,candidate_same_name
ID3321060,Bonang,Demak,33.21.12,Bonang,Demak,0.9594,0.9166,candidate_same_name
ID3321070,Demak,Demak,33.21.11,Demak,Demak,0.9331,0.8631,candidate_same_name
ID3321080,Wonosalam,Demak,33.21.06,Wonosalam,Demak,0.9556,0.907,candidate_same_name
ID3321090,Dempet,Demak,33.21.07,Dempet,Demak,0.9515,0.9012,candidate_same_name
ID3321091,Kebonagung,Demak,33.21.14,Kebonagung,Demak,0.986,0.9413,candidate_same_name
ID3321100,Gajah,Demak,33.21.08,Gajah,Demak,0.9635,0.9066,candidate_same_name
ID3321110,Karanganyar,Demak,33.21.09,Karanganyar,Demak,0.961,0.8927,candidate_same_name
ID3321120,Mijen,Demak,33.21.10,Mijen,Demak,0.9492,0.8996,candidate_same_name
ID3321130,Wedung,Demak,33.21.13,Wedung,Demak,0.9772,0.9341,candidate_same_name
ID3322010,Getasan,Semarang,33.22.01,Getasan,Semarang,0.9814,0.9587,candidate_same_name
ID3322020,Tengaran,Semarang,33.22.02,Tengaran,Semarang,0.9415,0.8633,candidate_same_name
ID3322030,Susukan,Semarang,33.22.03,Susukan,Semarang,0.9229,0.8564,candidate_same_name
ID3322031,Kaliwungu,Semarang,33.22.17,Kaliwungu,Semarang,0.9648,0.8717,candidate_same_name
ID3322040,Suruh,Semarang,33.22.04,Suruh,Semarang,0.9511,0.8706,candidate_same_name
ID3322050,Pabelan,Semarang,33.22.05,Pabelan,Semarang,0.952,0.9,candidate_same_name
ID3322060,Tuntang,Semarang,33.22.06,Tuntang,Semarang,0.9607,0.8543,candidate_same_name
ID3322070,Banyubiru,Semarang,33.22.07,Banyubiru,Semarang,0.9627,0.8806,candidate_same_name
ID3322080,Jambu,Semarang,33.22.08,Jambu,Semarang,0.964,0.9231,candidate_same_name
ID3322090,Sumowono,Semarang,33.22.09,Sumowono,Semarang,0.985,0.8943,candidate_same_name
ID3322100,Ambarawa,Semarang,33.22.10,Ambarawa,Semarang,0.9531,0.829,candidate_same_name
ID3322101,Bandungan,Semarang,33.22.20,Bandungan,Semarang,0.9795,0.9273,candidate_same_name
ID3322110,Bawen,Semarang,33.22.11,Bawen,Semarang,0.9561,0.8955,candidate_same_name
ID3322120,Bringin,Semarang,33.22.12,Bringin,Semarang,0.9553,0.9087,candidate_same_name
ID3322121,Bancak,Semarang,33.22.16,Bancak,Semarang,0.9384,0.8574,candidate_same_name
ID3322130,Pringapus,Semarang,33.22.15,Pringapus,Semarang,0.9606,0.8919,candidate_same_name
ID3322140,Bergas,Semarang,33.22.13,Bergas,Semarang,0.9248,0.844,candidate_same_name
ID3322151,Ungaran Barat,Semarang,33.22.18,Ungaran Barat,Semarang,0.9739,0.7292,candidate_same_name
ID3322152,Ungaran Timur,Semarang,33.22.19,Ungaran Timur,Semarang,0.9669,0.9082,candidate_same_name
ID3322888,Waduk Rawapening,Semarang,33.22.06,Tuntang,Semarang,0.3406,0.0582,exclude_non_kecamatan
ID3323010,Parakan,Temanggung,33.23.08,Parakan,Temanggung,0.934,0.7688,candidate_same_name
ID3323011,Kledung,Temanggung,33.23.17,Kledung,Temanggung,0.9846,0.8735,candidate_same_name
ID3323012,Bansari,Temanggung,33.23.16,Bansari,Temanggung,0.9775,0.9258,candidate_same_name
ID3323020,Bulu,Temanggung,33.23.01,Bulu,Temanggung,0.9453,0.82,candidate_same_name
ID3323030,Temanggung,Temanggung,33.23.03,Temanggung,Temanggung,0.9744,0.9431,candidate_same_name
ID3323031,Tlogomulyo,Temanggung,33.23.14,Tlogomulyo,Temanggung,0.8936,0.8016,candidate_same_name
ID3323040,Tembarak,Temanggung,33.23.02,Tembarak,Temanggung,0.9605,0.8692,candidate_same_name
ID3323041,Selopampang,Temanggung,33.23.15,Selopampang,Temanggung,0.9237,0.7809,candidate_same_name
ID3323050,Kranggan,Temanggung,33.23.13,Kranggan,Temanggung,0.9869,0.9517,candidate_same_name
ID3323060,Pringsurat,Temanggung,33.23.04,Pringsurat,Temanggung,0.9629,0.9274,candidate_same_name
ID3323070,Kaloran,Temanggung,33.23.05,Kaloran,Temanggung,0.9879,0.9513,candidate_same_name
ID3323080,Kandangan,Temanggung,33.23.06,Kandangan,Temanggung,0.9669,0.9306,candidate_same_name
ID3323090,Kedu,Temanggung,33.23.07,Kedu,Temanggung,0.9581,0.9088,candidate_same_name
ID3323100,Ngadirejo,Temanggung,33.23.09,Ngadirejo,Temanggung,0.9405,0.866,candidate_same_name
ID3323110,Jumo,Temanggung,33.23.10,Jumo,Temanggung,0.9175,0.839,candidate_same_name
ID3323111,Gemawang,Temanggung,33.23.20,Gemawang,Temanggung,0.9638,0.8796,candidate_same_name
ID3323120,Candiroto,Temanggung,33.23.12,Candiroto,Temanggung,0.9528,0.8116,candidate_same_name
ID3323121,Bejen,Temanggung,33.23.18,Bejen,Temanggung,0.9795,0.9582,candidate_same_name
ID3323130,Tretep,Temanggung,33.23.11,Tretep,Temanggung,0.9225,0.8411,candidate_same_name
ID3323131,Wonoboyo,Temanggung,33.23.19,Wonoboyo,Temanggung,0.9166,0.8288,candidate_same_name
ID3324010,Plantungan,Kendal,33.24.01,Plantungan,Kendal,0.9479,0.8752,candidate_same_name
ID3324020,Sukorejo,Kendal,33.24.03,Sukorejo,Kendal,0.9308,0.8628,candidate_same_name
ID3324030,Pagerruyung,Kendal,33.24.02,Pageruyung,Kendal,0.98,0.9517,candidate_name_difference
ID3324040,Patean,Kendal,33.24.04,Patean,Kendal,0.9825,0.941,candidate_same_name
ID3324050,Singorojo,Kendal,33.24.05,Singorojo,Kendal,0.9784,0.9499,candidate_same_name
ID3324060,Limbangan,Kendal,33.24.06,Limbangan,Kendal,0.9422,0.8351,candidate_same_name
ID3324070,Boja,Kendal,33.24.07,Boja,Kendal,0.9614,0.9161,candidate_same_name
ID3324080,Kaliwungu,Kendal,33.24.08,Kaliwungu,Kendal,0.9749,0.8917,candidate_same_name
ID3324081,Kaliwungu Selatan,Kendal,33.24.20,Kaliwungu Selatan,Kendal,0.9374,0.8625,candidate_same_name
ID3324090,Brangsong,Kendal,33.24.09,Brangsong,Kendal,0.9806,0.8316,candidate_same_name
ID3324100,Pegandon,Kendal,33.24.10,Pegandon,Kendal,0.9633,0.9271,candidate_same_name
ID3324101,Ngampel,Kendal,33.24.19,Ngampel,Kendal,0.9772,0.8841,candidate_same_name
ID3324110,Gemuh,Kendal,33.24.11,Gemuh,Kendal,0.9668,0.8954,candidate_same_name
ID3324111,Ringinarum,Kendal,33.24.18,Ringinarum,Kendal,0.9683,0.8639,candidate_same_name
ID3324120,Weleri,Kendal,33.24.12,Weleri,Kendal,0.9729,0.9424,candidate_same_name
ID3324130,Rowosari,Kendal,33.24.16,Rowosari,Kendal,0.9752,0.9277,candidate_same_name
ID3324140,Kangkung,Kendal,33.24.17,Kangkung,Kendal,0.9848,0.9549,candidate_same_name
ID3324150,Cepiring,Kendal,33.24.13,Cepiring,Kendal,0.9815,0.9594,candidate_same_name
ID3324160,Patebon,Kendal,33.24.14,Patebon,Kendal,0.9837,0.9357,candidate_same_name
ID3324170,Kota Kendal,Kendal,33.24.15,Kendal,Kendal,0.9716,0.9201,candidate_same_name
ID3325010,Wonotunggal,Batang,33.25.01,Wonotunggal,Batang,0.9697,0.9334,candidate_same_name
ID3325020,Bandar,Batang,33.25.02,Bandar,Batang,0.9609,0.7779,candidate_same_name
ID3325030,Blado,Batang,33.25.03,Blado,Batang,0.971,0.79,candidate_same_name
ID3325040,Reban,Batang,33.25.04,Reban,Batang,0.9533,0.9027,candidate_same_name
ID3325050,Bawang,Batang,33.25.05,Bawang,Batang,0.9779,0.9346,candidate_same_name
ID3325060,Tersono,Batang,33.25.06,Tersono,Batang,0.9736,0.9405,candidate_same_name
ID3325070,Gringsing,Batang,33.25.07,Gringsing,Batang,0.9865,0.9575,candidate_same_name
ID3325080,Limpung,Batang,33.25.08,Limpung,Batang,0.968,0.8628,candidate_same_name
ID3325081,Banyuputih,Batang,33.25.15,Banyuputih,Batang,0.9732,0.909,candidate_same_name
ID3325090,Subah,Batang,33.25.09,Subah,Batang,0.9699,0.9363,candidate_same_name
ID3325091,Pecalungan,Batang,33.25.14,Pecalungan,Batang,0.9575,0.8774,candidate_same_name
ID3325100,Tulis,Batang,33.25.10,Tulis,Batang,0.9754,0.9444,candidate_same_name
ID3325101,Kandeman,Batang,33.25.13,Kandeman,Batang,0.9848,0.9696,candidate_same_name
ID3325110,Batang,Batang,33.25.11,Batang,Batang,0.9664,0.9296,candidate_same_name
ID3325120,Warung Asem,Batang,33.25.12,Warungasem,Batang,0.9431,0.8883,candidate_same_name
ID3326010,Kandangserang,Pekalongan,33.26.01,Kandangserang,Pekalongan,0.9909,0.9771,candidate_same_name
ID3326020,Paninggaran,Pekalongan,33.26.02,Paninggaran,Pekalongan,0.9944,0.9857,candidate_same_name
ID3326030,Lebakbarang,Pekalongan,33.26.03,Lebakbarang,Pekalongan,0.9903,0.9603,candidate_same_name
ID3326040,Petungkriono,Pekalongan,33.26.04,Petungkriyono,Pekalongan,0.9751,0.9391,candidate_name_difference
ID3326050,Talun,Pekalongan,33.26.05,Talun,Pekalongan,0.9793,0.9544,candidate_same_name
ID3326060,Doro,Pekalongan,33.26.06,Doro,Pekalongan,0.9835,0.9383,candidate_same_name
ID3326070,Karanganyar,Pekalongan,33.26.07,Karanganyar,Pekalongan,0.9673,0.935,candidate_same_name
ID3326080,Kajen,Pekalongan,33.26.08,Kajen,Pekalongan,0.982,0.964,candidate_same_name
ID3326090,Kesesi,Pekalongan,33.26.09,Kesesi,Pekalongan,0.9921,0.9821,candidate_same_name
ID3326100,Sragi,Pekalongan,33.26.10,Sragi,Pekalongan,0.9844,0.9651,candidate_same_name
ID3326101,Siwalan,Pekalongan,33.26.17,Siwalan,Pekalongan,0.9554,0.9018,candidate_same_name
ID3326110,Bojong,Pekalongan,33.26.11,Bojong,Pekalongan,0.9702,0.9416,candidate_same_name
ID3326120,Wonopringgo,Pekalongan,33.26.12,Wonopringgo,Pekalongan,0.9559,0.8721,candidate_same_name
ID3326130,Kedungwuni,Pekalongan,33.26.13,Kedungwuni,Pekalongan,0.9615,0.91,candidate_same_name
ID3326131,Karangdadap,Pekalongan,33.26.18,Karangdadap,Pekalongan,0.9575,0.9101,candidate_same_name
ID3326140,Buaran,Pekalongan,33.26.14,Buaran,Pekalongan,0.9241,0.8543,candidate_same_name
ID3326150,Tirto,Pekalongan,33.26.15,Tirto,Pekalongan,0.963,0.8881,candidate_same_name
ID3326160,Wiradesa,Pekalongan,33.26.16,Wiradesa,Pekalongan,0.9509,0.8778,candidate_same_name
ID3326161,Wonokerto,Pekalongan,33.26.19,Wonokerto,Pekalongan,0.9618,0.9143,candidate_same_name
ID3327010,Moga,Pemalang,33.27.01,Moga,Pemalang,0.9746,0.9311,candidate_same_name
ID3327011,Warungpring,Pemalang,33.27.14,Warungpring,Pemalang,0.9845,0.9313,candidate_same_name
ID3327020,Pulosari,Pemalang,33.27.02,Pulosari,Pemalang,0.9823,0.9593,candidate_same_name
ID3327030,Belik,Pemalang,33.27.03,Belik,Pemalang,0.9869,0.9642,candidate_same_name
ID3327040,Watukumpul,Pemalang,33.27.04,Watukumpul,Pemalang,0.9788,0.9369,candidate_same_name
ID3327050,Bodeh,Pemalang,33.27.05,Bodeh,Pemalang,0.9779,0.9549,candidate_same_name
ID3327060,Bantarbolang,Pemalang,33.27.06,Bantarbolang,Pemalang,0.9699,0.9016,candidate_same_name
ID3327070,Randudongkal,Pemalang,33.27.07,Randudongkal,Pemalang,0.9683,0.9349,candidate_same_name
ID3327080,Pemalang,Pemalang,33.27.08,Pemalang,Pemalang,0.9832,0.9498,candidate_same_name
ID3327090,Taman,Pemalang,33.27.09,Taman,Pemalang,0.9764,0.8904,candidate_same_name
ID3327100,Petarukan,Pemalang,33.27.10,Petarukan,Pemalang,0.9794,0.9528,candidate_same_name
ID3327110,Ampelgading,Pemalang,33.27.11,Ampelgading,Pemalang,0.9719,0.9366,candidate_same_name
ID3327120,Comal,Pemalang,33.27.12,Comal,Pemalang,0.9659,0.9139,candidate_same_name
ID3327130,Ulujami,Pemalang,33.27.13,Ulujami,Pemalang,0.9758,0.9094,candidate_same_name
ID3328010,Margasari,Tegal,33.28.01,Margasari,Tegal,0.9793,0.9343,candidate_same_name
ID3328020,Bumijawa,Tegal,33.28.02,Bumijawa,Tegal,0.9813,0.8751,candidate_same_name
ID3328030,Bojong,Tegal,33.28.03,Bojong,Tegal,0.9803,0.9485,candidate_same_name
ID3328040,Balapulang,Tegal,33.28.04,Balapulang,Tegal,0.9777,0.9223,candidate_same_name
ID3328050,Pagerbarang,Tegal,33.28.05,Pagerbarang,Tegal,0.9646,0.9213,candidate_same_name
ID3328060,Lebaksiu,Tegal,33.28.06,Lebaksiu,Tegal,0.9452,0.8959,candidate_same_name
ID3328070,Jatinegara,Tegal,33.28.07,Jatinegara,Tegal,0.9814,0.9497,candidate_same_name
ID3328080,Kedung Banteng,Tegal,33.28.08,Kedungbanteng,Tegal,0.9934,0.9833,candidate_same_name
ID3328090,Pangkah,Tegal,33.28.09,Pangkah,Tegal,0.9814,0.9184,candidate_same_name
ID3328100,Slawi,Tegal,33.28.10,Slawi,Tegal,0.9486,0.8941,candidate_same_name
ID3328110,Dukuhwaru,Tegal,33.28.18,Dukuhwaru,Tegal,0.9717,0.9116,candidate_same_name
ID3328120,Adiwerna,Tegal,33.28.11,Adiwerna,Tegal,0.9513,0.8938,candidate_same_name
ID3328130,Dukuhturi,Tegal,33.28.13,Dukuhturi,Tegal,0.9646,0.8887,candidate_same_name
ID3328140,Talang,Tegal,33.28.12,Talang,Tegal,0.9537,0.8996,candidate_same_name
ID3328150,Tarub,Tegal,33.28.14,Tarub,Tegal,0.9688,0.9381,candidate_same_name
ID3328160,Kramat,Tegal,33.28.15,Kramat,Tegal,0.9906,0.9578,candidate_same_name
ID3328170,Suradadi,Tegal,33.28.16,Suradadi,Tegal,0.9937,0.985,candidate_same_name
ID3328180,Warureja,Tegal,33.28.17,Warureja,Tegal,0.9879,0.9709,candidate_same_name
ID3329010,Salem,Brebes,33.29.01,Salem,Brebes,0.9931,0.9756,candidate_same_name
ID3329020,Bantarkawung,Brebes,33.29.02,Bantarkawung,Brebes,0.9891,0.9566,candidate_same_name
ID3329030,Bumiayu,Brebes,33.29.03,Bumiayu,Brebes,0.9781,0.9539,candidate_same_name
ID3329040,Paguyangan,Brebes,33.29.04,Paguyangan,Brebes,0.9419,0.8892,candidate_same_name
ID3329050,Sirampog,Brebes,33.29.05,Sirampog,Brebes,0.9752,0.7793,candidate_same_name
ID3329060,Tonjong,Brebes,33.29.06,Tonjong,Brebes,0.9763,0.9443,candidate_same_name
ID3329070,Larangan,Brebes,33.29.15,Larangan,Brebes,0.9871,0.9672,candidate_same_name
ID3329080,Ketanggungan,Brebes,33.29.16,Ketanggungan,Brebes,0.9873,0.9617,candidate_same_name
ID3329090,Banjarharjo,Brebes,33.29.17,Banjarharjo,Brebes,0.9905,0.9636,candidate_same_name
ID3329100,Losari,Brebes,33.29.12,Losari,Brebes,0.9565,0.9023,candidate_same_name
ID3329110,Tanjung,Brebes,33.29.13,Tanjung,Brebes,0.9478,0.8968,candidate_same_name
ID3329120,Kersana,Brebes,33.29.11,Kersana,Brebes,0.981,0.9382,candidate_same_name
ID3329130,Bulakamba,Brebes,33.29.14,Bulakamba,Brebes,0.9832,0.948,candidate_same_name
ID3329140,Wanasari,Brebes,33.29.08,Wanasari,Brebes,0.9842,0.9361,candidate_same_name
ID3329150,Songgom,Brebes,33.29.10,Songgom,Brebes,0.9838,0.9631,candidate_same_name
ID3329160,Jatibarang,Brebes,33.29.07,Jatibarang,Brebes,0.9776,0.9534,candidate_same_name
ID3329170,Brebes,Brebes,33.29.09,Brebes,Brebes,0.9626,0.9086,candidate_same_name
ID3371010,Magelang Selatan,Kota Magelang,33.71.01,Magelang Selatan,Kota Magelang,0.9481,0.8675,candidate_same_name
ID3371011,Magelang Tengah,Kota Magelang,33.71.03,Magelang Tengah,Kota Magelang,0.9617,0.9231,candidate_same_name
ID3371020,Magelang Utara,Kota Magelang,33.71.02,Magelang Utara,Kota Magelang,0.9741,0.8748,candidate_same_name
ID3372010,Laweyan,Kota Surakarta,33.72.01,Laweyan,Kota Surakarta,0.9811,0.9519,candidate_same_name
ID3372020,Serengan,Kota Surakarta,33.72.02,Serengan,Kota Surakarta,0.9799,0.9532,candidate_same_name
ID3372030,Pasar Kliwon,Kota Surakarta,33.72.03,Pasar Kliwon,Kota Surakarta,0.9806,0.96,candidate_same_name
ID3372040,Jebres,Kota Surakarta,33.72.04,Jebres,Kota Surakarta,0.9866,0.963,candidate_same_name
ID3372050,Banjarsari,Kota Surakarta,33.72.05,Banjarsari,Kota Surakarta,0.9831,0.9656,candidate_same_name
ID3373010,Argomulyo,Kota Salatiga,33.73.03,Argomulyo,Kota Salatiga,0.9667,0.9266,candidate_same_name
ID3373020,Tingkir,Kota Salatiga,33.73.02,Tingkir,Kota Salatiga,0.9756,0.8631,candidate_same_name
ID3373030,Sidomukti,Kota Salatiga,33.73.04,Sidomukti,Kota Salatiga,0.9633,0.9032,candidate_same_name
ID3373040,Sidorejo,Kota Salatiga,33.73.01,Sidorejo,Kota Salatiga,0.9699,0.8852,candidate_same_name
ID3374010,Mijen,Kota Semarang,33.74.14,Mijen,Kota Semarang,0.9784,0.9509,candidate_same_name
ID3374020,Gunung Pati,Kota Semarang,33.74.12,Gunungpati,Kota Semarang,0.9842,0.9663,candidate_same_name
ID3374030,Banyumanik,Kota Semarang,33.74.11,Banyumanik,Kota Semarang,0.9728,0.9264,candidate_same_name
ID3374040,Gajah Mungkur,Kota Semarang,33.74.09,Gajahmungkur,Kota Semarang,0.9815,0.9623,candidate_same_name
ID3374050,Semarang Selatan,Kota Semarang,33.74.07,Semarang Selatan,Kota Semarang,0.9877,0.9486,candidate_same_name
ID3374060,Candisari,Kota Semarang,33.74.08,Candisari,Kota Semarang,0.9875,0.958,candidate_same_name
ID3374070,Tembalang,Kota Semarang,33.74.10,Tembalang,Kota Semarang,0.9823,0.9591,candidate_same_name
ID3374080,Pedurungan,Kota Semarang,33.74.06,Pedurungan,Kota Semarang,0.9813,0.9473,candidate_same_name
ID3374090,Genuk,Kota Semarang,33.74.05,Genuk,Kota Semarang,0.9557,0.9005,candidate_same_name
ID3374100,Gayamsari,Kota Semarang,33.74.04,Gayamsari,Kota Semarang,0.9458,0.8438,candidate_same_name
ID3374110,Semarang Timur,Kota Semarang,33.74.03,Semarang Timur,Kota Semarang,0.9606,0.9236,candidate_same_name
ID3374120,Semarang Utara,Kota Semarang,33.74.02,Semarang Utara,Kota Semarang,0.9239,0.8532,candidate_same_name
ID3374130,Semarang Tengah,Kota Semarang,33.74.01,Semarang Tengah,Kota Semarang,0.9946,0.9376,candidate_same_name
ID3374140,Semarang Barat,Kota Semarang,33.74.13,Semarang Barat,Kota Semarang,0.9792,0.8795,candidate_same_name
ID3374150,Tugu,Kota Semarang,33.74.16,Tugu,Kota Semarang,0.9911,0.7133,candidate_same_name
ID3374160,Ngaliyan,Kota Semarang,33.74.15,Ngaliyan,Kota Semarang,0.9848,0.9686,candidate_same_name
ID3375010,Pekalongan Barat,Kota Pekalongan,33.75.01,Pekalongan Barat,Kota Pekalongan,0.946,0.8955,candidate_same_name
ID3375020,Pekalongan Timur,Kota Pekalongan,33.75.02,Pekalongan Timur,Kota Pekalongan,0.9682,0.9092,candidate_same_name
ID3375030,Pekalongan Selatan,Kota Pekalongan,33.75.04,Pekalongan Selatan,Kota Pekalongan,0.9515,0.8445,candidate_same_name
ID3375040,Pekalongan Utara,Kota Pekalongan,33.75.03,Pekalongan Utara,Kota Pekalongan,0.9534,0.862,candidate_same_name
ID3376010,Tegal Selatan,Kota Tegal,33.76.03,Tegal Selatan,Kota Tegal,0.9467,0.8716,candidate_same_name
ID3376020,Tegal Timur,Kota Tegal,33.76.02,Tegal Timur,Kota Tegal,0.9688,0.9339,candidate_same_name
ID3376030,Tegal Barat,Kota Tegal,33.76.01,Tegal Barat,Kota Tegal,0.9712,0.8792,candidate_same_name
ID3376040,Margadana,Kota Tegal,33.76.04,Margadana,Kota Tegal,0.9824,0.8892,candidate_same_name
ID3388888,Waduk Kedungombo,Wadung Kedungombo,33.09.17,Kemusu,Boyolali,0.3608,0.1041,exclude_non_kecamatan
ID3399999,Hutan,Hutan,33.22.18,Ungaran Barat,Semarang,0.5077,0.1665,exclude_non_kecamatan
ID3401010,Temon,Kulon Progo,34.01.01,Temon,Kulon Progo,0.9733,0.9294,candidate_same_name
ID3401020,Wates,Kulon Progo,34.01.02,Wates,Kulon Progo,0.9566,0.9034,candidate_same_name
ID3401030,Panjatan,Kulon Progo,34.01.03,Panjatan,Kulon Progo,0.9595,0.9196,candidate_same_name
ID3401040,Galur,Kulon Progo,34.01.04,Galur,Kulon Progo,0.9726,0.9429,candidate_same_name
ID3401050,Lendah,Kulon Progo,34.01.05,Lendah,Kulon Progo,0.9831,0.9598,candidate_same_name
ID3401060,Sentolo,Kulon Progo,34.01.06,Sentolo,Kulon Progo,0.9753,0.9363,candidate_same_name
ID3401070,Pengasih,Kulon Progo,34.01.07,Pengasih,Kulon Progo,0.9393,0.8534,candidate_same_name
ID3401080,Kokap,Kulon Progo,34.01.08,Kokap,Kulon Progo,0.9553,0.898,candidate_same_name
ID3401090,Girimulyo,Kulon Progo,34.01.09,Girimulyo,Kulon Progo,0.957,0.9106,candidate_same_name
ID3401100,Nanggulan,Kulon Progo,34.01.10,Nanggulan,Kulon Progo,0.9692,0.9305,candidate_same_name
ID3401110,Kalibawang,Kulon Progo,34.01.12,Kalibawang,Kulon Progo,0.9679,0.9258,candidate_same_name
ID3401120,Samigaluh,Kulon Progo,34.01.11,Samigaluh,Kulon Progo,0.9578,0.915,candidate_same_name
ID3402010,Srandakan,Bantul,34.02.01,Srandakan,Bantul,0.9816,0.8916,candidate_same_name
ID3402020,Sanden,Bantul,34.02.02,Sanden,Bantul,0.9745,0.9462,candidate_same_name
ID3402030,Kretek,Bantul,34.02.03,Kretek,Bantul,0.9771,0.9514,candidate_same_name
ID3402040,Pundong,Bantul,34.02.04,Pundong,Bantul,0.9797,0.9144,candidate_same_name
ID3402050,Bambang Lipuro,Bantul,34.02.05,Bambanglipuro,Bantul,0.9782,0.9354,candidate_same_name
ID3402060,Pandak,Bantul,34.02.06,Pandak,Bantul,0.9651,0.9323,candidate_same_name
ID3402070,Bantul,Bantul,34.02.08,Bantul,Bantul,0.9784,0.957,candidate_same_name
ID3402080,Jetis,Bantul,34.02.09,Jetis,Bantul,0.9774,0.9523,candidate_same_name
ID3402090,Imogiri,Bantul,34.02.10,Imogiri,Bantul,0.987,0.9453,candidate_same_name
ID3402100,Dlingo,Bantul,34.02.11,Dlingo,Bantul,0.9788,0.9572,candidate_same_name
ID3402110,Pleret,Bantul,34.02.13,Pleret,Bantul,0.9623,0.9257,candidate_same_name
ID3402120,Piyungan,Bantul,34.02.14,Piyungan,Bantul,0.9826,0.9448,candidate_same_name
ID3402130,Banguntapan,Bantul,34.02.12,Banguntapan,Bantul,0.9815,0.9596,candidate_same_name
ID3402140,Sewon,Bantul,34.02.15,Sewon,Bantul,0.9833,0.9652,candidate_same_name
ID3402150,Kasihan,Bantul,34.02.16,Kasihan,Bantul,0.9768,0.9446,candidate_same_name
ID3402160,Pajangan,Bantul,34.02.07,Pajangan,Bantul,0.9769,0.9489,candidate_same_name
ID3402170,Sedayu,Bantul,34.02.17,Sedayu,Bantul,0.9827,0.9557,candidate_same_name
ID3403010,Panggang,Gunung Kidul,34.03.06,Panggang,Gunungkidul,0.9557,0.9123,candidate_same_name
ID3403011,Purwosari,Gunung Kidul,34.03.18,Purwosari,Gunungkidul,0.9816,0.9363,candidate_same_name
ID3403020,Paliyan,Gunung Kidul,34.03.05,Paliyan,Gunungkidul,0.9332,0.8563,candidate_same_name
ID3403030,Sapto Sari,Gunung Kidul,34.03.15,Saptosari,Gunungkidul,0.9776,0.9103,candidate_same_name
ID3403040,Tepus,Gunung Kidul,34.03.07,Tepus,Gunungkidul,0.9642,0.9309,candidate_same_name
ID3403041,Tanjungsari,Gunung Kidul,34.03.17,Tanjungsari,Gunungkidul,0.9592,0.901,candidate_same_name
ID3403050,Rongkop,Gunung Kidul,34.03.11,Rongkop,Gunungkidul,0.9592,0.9112,candidate_same_name
ID3403051,Girisubo,Gunung Kidul,34.03.16,Girisubo,Gunungkidul,0.9443,0.8876,candidate_same_name
ID3403060,Semanu,Gunung Kidul,34.03.08,Semanu,Gunungkidul,0.9625,0.9165,candidate_same_name
ID3403070,Ponjong,Gunung Kidul,34.03.10,Ponjong,Gunungkidul,0.9745,0.9284,candidate_same_name
ID3403080,Karangmojo,Gunung Kidul,34.03.09,Karangmojo,Gunungkidul,0.9779,0.9423,candidate_same_name
ID3403090,Wonosari,Gunung Kidul,34.03.01,Wonosari,Gunungkidul,0.9718,0.9386,candidate_same_name
ID3403100,Playen,Gunung Kidul,34.03.03,Playen,Gunungkidul,0.9866,0.9434,candidate_same_name
ID3403110,Patuk,Gunung Kidul,34.03.04,Patuk,Gunungkidul,0.9881,0.9699,candidate_same_name
ID3403120,Gedang Sari,Gunung Kidul,34.03.14,Gedangsari,Gunungkidul,0.9717,0.9334,candidate_same_name
ID3403130,Nglipar,Gunung Kidul,34.03.02,Nglipar,Gunungkidul,0.9875,0.9479,candidate_same_name
ID3403140,Ngawen,Gunung Kidul,34.03.13,Ngawen,Gunungkidul,0.9715,0.9127,candidate_same_name
ID3403150,Semin,Gunung Kidul,34.03.12,Semin,Gunungkidul,0.9756,0.9453,candidate_same_name
ID3404010,Moyudan,Sleman,34.04.03,Moyudan,Sleman,0.9855,0.9613,candidate_same_name
ID3404020,Minggir,Sleman,34.04.04,Minggir,Sleman,0.9865,0.9706,candidate_same_name
ID3404030,Seyegan,Sleman,34.04.05,Seyegan,Sleman,0.9797,0.95,candidate_same_name
ID3404040,Godean,Sleman,34.04.02,Godean,Sleman,0.9741,0.9353,candidate_same_name
ID3404050,Gamping,Sleman,34.04.01,Gamping,Sleman,0.9767,0.9403,candidate_same_name
ID3404060,Mlati,Sleman,34.04.06,Mlati,Sleman,0.9717,0.9193,candidate_same_name
ID3404070,Depok,Sleman,34.04.07,Depok,Sleman,0.9711,0.9065,candidate_same_name
ID3404080,Berbah,Sleman,34.04.08,Berbah,Sleman,0.9644,0.9055,candidate_same_name
ID3404090,Prambanan,Sleman,34.04.09,Prambanan,Sleman,0.9854,0.958,candidate_same_name
ID3404100,Kalasan,Sleman,34.04.10,Kalasan,Sleman,0.9861,0.9669,candidate_same_name
ID3404110,Ngemplak,Sleman,34.04.11,Ngemplak,Sleman,0.9761,0.9408,candidate_same_name
ID3404120,Ngaglik,Sleman,34.04.12,Ngaglik,Sleman,0.9768,0.9483,candidate_same_name
ID3404130,Sleman,Sleman,34.04.13,Sleman,Sleman,0.9766,0.953,candidate_same_name
ID3404140,Tempel,Sleman,34.04.14,Tempel,Sleman,0.9867,0.9582,candidate_same_name
ID3404150,Turi,Sleman,34.04.15,Turi,Sleman,0.975,0.9493,candidate_same_name
ID3404160,Pakem,Sleman,34.04.16,Pakem,Sleman,0.9844,0.852,candidate_same_name
ID3404170,Cangkringan,Sleman,34.04.17,Cangkringan,Sleman,0.979,0.8926,candidate_same_name
ID3471010,Mantrijeron,Kota Yogyakarta,34.71.08,Mantrijeron,Kota Yogyakarta,0.9761,0.9517,candidate_same_name
ID3471020,Kraton,Kota Yogyakarta,34.71.09,Kraton,Kota Yogyakarta,0.987,0.9718,candidate_same_name
ID3471030,Mergangsan,Kota Yogyakarta,34.71.12,Mergangsan,Kota Yogyakarta,0.9608,0.9098,candidate_same_name
ID3471040,Umbulharjo,Kota Yogyakarta,34.71.13,Umbulharjo,Kota Yogyakarta,0.9659,0.9274,candidate_same_name
ID3471050,Kotagede,Kota Yogyakarta,34.71.14,Kotagede,Kota Yogyakarta,0.969,0.9234,candidate_same_name
ID3471060,Gondokusuman,Kota Yogyakarta,34.71.03,Gondokusuman,Kota Yogyakarta,0.9784,0.9445,candidate_same_name
ID3471070,Danurejan,Kota Yogyakarta,34.71.04,Danurejan,Kota Yogyakarta,0.98,0.9483,candidate_same_name
ID3471080,Pakualaman,Kota Yogyakarta,34.71.11,Pakualaman,Kota Yogyakarta,0.9873,0.945,candidate_same_name
ID3471090,Gondomanan,Kota Yogyakarta,34.71.10,Gondomanan,Kota Yogyakarta,0.9561,0.9137,candidate_same_name
ID3471100,Ngampilan,Kota Yogyakarta,34.71.06,Ngampilan,Kota Yogyakarta,0.9752,0.901,candidate_same_name
ID3471110,Wirobrajan,Kota Yogyakarta,34.71.07,Wirobrajan,Kota Yogyakarta,0.9669,0.9191,candidate_same_name
ID3471120,Gedong Tengen,Kota Yogyakarta,34.71.05,Gedongtengen,Kota Yogyakarta,0.9624,0.9228,candidate_same_name
ID3471130,Jetis,Kota Yogyakarta,34.71.02,Jetis,Kota Yogyakarta,0.9797,0.9095,candidate_same_name
ID3471140,Tegalrejo,Kota Yogyakarta,34.71.01,Tegalrejo,Kota Yogyakarta,0.9708,0.9359,candidate_same_name
ID3501010,Donorojo,Pacitan,35.01.01,Donorojo,Pacitan,0.9737,0.8917,candidate_same_name
ID3501020,Punung,Pacitan,35.01.03,Punung,Pacitan,0.9271,0.8561,candidate_same_name
ID3501030,Pringkuku,Pacitan,35.01.02,Pringkuku,Pacitan,0.98,0.9359,candidate_same_name
ID3501040,Pacitan,Pacitan,35.01.04,Pacitan,Pacitan,0.9802,0.9403,candidate_same_name
ID3501050,Kebonagung,Pacitan,35.01.05,Kebonagung,Pacitan,0.9818,0.953,candidate_same_name
ID3501060,Arjosari,Pacitan,35.01.06,Arjosari,Pacitan,0.9671,0.9159,candidate_same_name
ID3501070,Nawangan,Pacitan,35.01.07,Nawangan,Pacitan,0.9554,0.9012,candidate_same_name
ID3501080,Bandar,Pacitan,35.01.08,Bandar,Pacitan,0.9624,0.8619,candidate_same_name
ID3501090,Tegalombo,Pacitan,35.01.09,Tegalombo,Pacitan,0.9568,0.9053,candidate_same_name
ID3501100,Tulakan,Pacitan,35.01.10,Tulakan,Pacitan,0.9742,0.929,candidate_same_name
ID3501110,Ngadirojo,Pacitan,35.01.11,Ngadirojo,Pacitan,0.9804,0.9378,candidate_same_name
ID3501120,Sudimoro,Pacitan,35.01.12,Sudimoro,Pacitan,0.9805,0.9488,candidate_same_name
ID3502010,Ngrayun,Ponorogo,35.02.02,Ngrayun,Ponorogo,0.9829,0.9546,candidate_same_name
ID3502020,Slahung,Ponorogo,35.02.01,Slahung,Ponorogo,0.953,0.9052,candidate_same_name
ID3502030,Bungkal,Ponorogo,35.02.03,Bungkal,Ponorogo,0.9825,0.9433,candidate_same_name
ID3502040,Sambit,Ponorogo,35.02.04,Sambit,Ponorogo,0.9731,0.9325,candidate_same_name
ID3502050,Sawoo,Ponorogo,35.02.05,Sawoo,Ponorogo,0.9788,0.9462,candidate_same_name
ID3502060,Sooko,Ponorogo,35.02.06,Sooko,Ponorogo,0.967,0.9133,candidate_same_name
ID3502061,Pudak,Ponorogo,35.02.21,Pudak,Ponorogo,0.9602,0.8946,candidate_same_name
ID3502070,Pulung,Ponorogo,35.02.07,Pulung,Ponorogo,0.966,0.877,candidate_same_name
ID3502080,Mlarak,Ponorogo,35.02.08,Mlarak,Ponorogo,0.9567,0.909,candidate_same_name
ID3502090,Siman,Ponorogo,35.02.10,Siman,Ponorogo,0.9476,0.8456,candidate_same_name
ID3502100,Jetis,Ponorogo,35.02.09,Jetis,Ponorogo,0.9632,0.8764,candidate_same_name
ID3502110,Balong,Ponorogo,35.02.11,Balong,Ponorogo,0.9555,0.7526,candidate_same_name
ID3502120,Kauman,Ponorogo,35.02.12,Kauman,Ponorogo,0.9519,0.8971,candidate_same_name
ID3502130,Jambon,Ponorogo,35.02.20,Jambon,Ponorogo,0.957,0.7995,candidate_same_name
ID3502140,Badegan,Ponorogo,35.02.13,Badegan,Ponorogo,0.9355,0.8743,candidate_same_name
ID3502150,Sampung,Ponorogo,35.02.14,Sampung,Ponorogo,0.9495,0.9008,candidate_same_name
ID3502160,Sukorejo,Ponorogo,35.02.15,Sukorejo,Ponorogo,0.9733,0.9207,candidate_same_name
ID3502170,Ponorogo,Ponorogo,35.02.17,Ponorogo,Ponorogo,0.9742,0.9395,candidate_same_name
ID3502180,Babadan,Ponorogo,35.02.16,Babadan,Ponorogo,0.978,0.9552,candidate_same_name
ID3502190,Jenangan,Ponorogo,35.02.18,Jenangan,Ponorogo,0.9791,0.8585,candidate_same_name
ID3502200,Ngebel,Ponorogo,35.02.19,Ngebel,Ponorogo,0.9893,0.9374,candidate_same_name
ID3503010,Panggul,Trenggalek,35.03.01,Panggul,Trenggalek,0.9881,0.9604,candidate_same_name
ID3503020,Munjungan,Trenggalek,35.03.02,Munjungan,Trenggalek,0.9846,0.9694,candidate_same_name
ID3503030,Watulimo,Trenggalek,35.03.08,Watulimo,Trenggalek,0.9779,0.9495,candidate_same_name
ID3503040,Kampak,Trenggalek,35.03.07,Kampak,Trenggalek,0.9914,0.9601,candidate_same_name
ID3503050,Dongko,Trenggalek,35.03.04,Dongko,Trenggalek,0.9814,0.9591,candidate_same_name
ID3503060,Pule,Trenggalek,35.03.03,Pule,Trenggalek,0.983,0.9604,candidate_same_name
ID3503070,Karangan,Trenggalek,35.03.06,Karangan,Trenggalek,0.9694,0.9314,candidate_same_name
ID3503071,Suruh,Trenggalek,35.03.14,Suruh,Trenggalek,0.9836,0.914,candidate_same_name
ID3503080,Gandusari,Trenggalek,35.03.10,Gandusari,Trenggalek,0.9736,0.9427,candidate_same_name
ID3503090,Durenan,Trenggalek,35.03.13,Durenan,Trenggalek,0.9886,0.9741,candidate_same_name
ID3503100,Pogalan,Trenggalek,35.03.12,Pogalan,Trenggalek,0.9797,0.9328,candidate_same_name
ID3503110,Trenggalek,Trenggalek,35.03.11,Trenggalek,Trenggalek,0.9761,0.9234,candidate_same_name
ID3503120,Tugu,Trenggalek,35.03.05,Tugu,Trenggalek,0.9641,0.9037,candidate_same_name
ID3503130,Bendungan,Trenggalek,35.03.09,Bendungan,Trenggalek,0.9394,0.8479,candidate_same_name
ID3504010,Besuki,Tulungagung,35.04.15,Besuki,Tulungagung,0.9685,0.91,candidate_same_name
ID3504020,Bandung,Tulungagung,35.04.17,Bandung,Tulungagung,0.957,0.9047,candidate_same_name
ID3504030,Pakel,Tulungagung,35.04.18,Pakel,Tulungagung,0.9794,0.952,candidate_same_name
ID3504040,Campur Darat,Tulungagung,35.04.16,Campurdarat,Tulungagung,0.9628,0.8671,candidate_same_name
ID3504050,Tanggung Gunung,Tulungagung,35.04.19,Tanggunggunung,Tulungagung,0.959,0.8993,candidate_same_name
ID3504060,Kalidawir,Tulungagung,35.04.14,Kalidawir,Tulungagung,0.964,0.9238,candidate_same_name
ID3504070,Pucang Laban,Tulungagung,35.04.12,Pucanglaban,Tulungagung,0.9735,0.9312,candidate_same_name
ID3504080,Rejotangan,Tulungagung,35.04.13,Rejotangan,Tulungagung,0.9925,0.9694,candidate_same_name
ID3504090,Ngunut,Tulungagung,35.04.11,Ngunut,Tulungagung,0.9807,0.9542,candidate_same_name
ID3504100,Sumbergempol,Tulungagung,35.04.10,Sumbergempol,Tulungagung,0.9755,0.9496,candidate_same_name
ID3504110,Boyolangu,Tulungagung,35.04.02,Boyolangu,Tulungagung,0.9741,0.9403,candidate_same_name
ID3504120,Tulungagung,Tulungagung,35.04.01,Tulungagung,Tulungagung,0.9592,0.9014,candidate_same_name
ID3504130,Kedungwaru,Tulungagung,35.04.03,Kedungwaru,Tulungagung,0.9712,0.9284,candidate_same_name
ID3504140,Ngantru,Tulungagung,35.04.04,Ngantru,Tulungagung,0.9841,0.9429,candidate_same_name
ID3504150,Karangrejo,Tulungagung,35.04.08,Karangrejo,Tulungagung,0.9824,0.9482,candidate_same_name
ID3504160,Kauman,Tulungagung,35.04.05,Kauman,Tulungagung,0.9869,0.9466,candidate_same_name
ID3504170,Gondang,Tulungagung,35.04.09,Gondang,Tulungagung,0.9871,0.9714,candidate_same_name
ID3504180,Pager Wojo,Tulungagung,35.04.06,Pagerwojo,Tulungagung,0.9915,0.9511,candidate_same_name
ID3504190,Sendang,Tulungagung,35.04.07,Sendang,Tulungagung,0.9909,0.98,candidate_same_name
ID3505010,Bakung,Blitar,35.05.05,Bakung,Blitar,0.9886,0.9726,candidate_same_name
ID3505020,Wonotirto,Blitar,35.05.08,Wonotirto,Blitar,0.9696,0.9155,candidate_same_name
ID3505030,Panggungrejo,Blitar,35.05.13,Panggungrejo,Blitar,0.9815,0.8925,candidate_same_name
ID3505040,Wates,Blitar,35.05.20,Wates,Blitar,0.9684,0.8766,candidate_same_name
ID3505050,Binangun,Blitar,35.05.16,Binangun,Blitar,0.9774,0.9347,candidate_same_name
ID3505060,Sutojayan,Blitar,35.05.12,Sutojayan,Blitar,0.8849,0.77,candidate_same_name
ID3505070,Kademangan,Blitar,35.05.04,Kademangan,Blitar,0.964,0.8933,candidate_same_name
ID3505080,Kanigoro,Blitar,35.05.10,Kanigoro,Blitar,0.9898,0.9765,candidate_same_name
ID3505090,Talun,Blitar,35.05.14,Talun,Blitar,0.9883,0.9703,candidate_same_name
ID3505100,Selopuro,Blitar,35.05.22,Selopuro,Blitar,0.9743,0.9416,candidate_same_name
ID3505110,Kesamben,Blitar,35.05.19,Kesamben,Blitar,0.9732,0.9027,candidate_same_name
ID3505120,Selorejo,Blitar,35.05.21,Selorejo,Blitar,0.9349,0.8555,candidate_same_name
ID3505130,Doko,Blitar,35.05.18,Doko,Blitar,0.9573,0.9051,candidate_same_name
ID3505140,Wlingi,Blitar,35.05.17,Wlingi,Blitar,0.9001,0.7955,candidate_same_name
ID3505150,Gandusari,Blitar,35.05.15,Gandusari,Blitar,0.9651,0.8523,candidate_same_name
ID3505160,Garum,Blitar,35.05.11,Garum,Blitar,0.9422,0.8604,candidate_same_name
ID3505170,Nglegok,Blitar,35.05.09,Nglegok,Blitar,0.9864,0.9281,candidate_same_name
ID3505180,Sanankulon,Blitar,35.05.07,Sanankulon,Blitar,0.9744,0.9413,candidate_same_name
ID3505190,Ponggok,Blitar,35.05.06,Ponggok,Blitar,0.9842,0.9656,candidate_same_name
ID3505200,Srengat,Blitar,35.05.03,Srengat,Blitar,0.9838,0.9673,candidate_same_name
ID3505210,Wonodadi,Blitar,35.05.01,Wonodadi,Blitar,0.9809,0.9429,candidate_same_name
ID3505220,Udanawu,Blitar,35.05.02,Udanawu,Blitar,0.973,0.9415,candidate_same_name
ID3506010,Mojo,Kediri,35.06.02,Mojo,Kediri,0.9892,0.9691,candidate_same_name
ID3506020,Semen,Kediri,35.06.01,Semen,Kediri,0.9871,0.9479,candidate_same_name
ID3506030,Ngadiluwih,Kediri,35.06.04,Ngadiluwih,Kediri,0.9747,0.9107,candidate_same_name
ID3506040,Kras,Kediri,35.06.03,Kras,Kediri,0.9755,0.9056,candidate_same_name
ID3506050,Ringinrejo,Kediri,35.06.23,Ringinrejo,Kediri,0.9812,0.9142,candidate_same_name
ID3506060,Kandat,Kediri,35.06.05,Kandat,Kediri,0.9659,0.9315,candidate_same_name
ID3506070,Wates,Kediri,35.06.06,Wates,Kediri,0.9788,0.8932,candidate_same_name
ID3506080,Ngancar,Kediri,35.06.07,Ngancar,Kediri,0.9816,0.9071,candidate_same_name
ID3506090,Plosoklaten,Kediri,35.06.09,Plosoklaten,Kediri,0.9548,0.9114,candidate_same_name
ID3506100,Gurah,Kediri,35.06.10,Gurah,Kediri,0.9813,0.9535,candidate_same_name
ID3506110,Puncu,Kediri,35.06.08,Puncu,Kediri,0.957,0.8898,candidate_same_name
ID3506120,Kepung,Kediri,35.06.18,Kepung,Kediri,0.9625,0.9209,candidate_same_name
ID3506130,Kandangan,Kediri,35.06.19,Kandangan,Kediri,0.9709,0.9405,candidate_same_name
ID3506140,Pare,Kediri,35.06.17,Pare,Kediri,0.9684,0.9253,candidate_same_name
ID3506141,Badas,Kediri,35.06.26,Badas,Kediri,0.9782,0.9465,candidate_same_name
ID3506150,Kunjang,Kediri,35.06.21,Kunjang,Kediri,0.9668,0.9264,candidate_same_name
ID3506160,Plemahan,Kediri,35.06.16,Plemahan,Kediri,0.969,0.9312,candidate_same_name
ID3506170,Purwoasri,Kediri,35.06.15,Purwoasri,Kediri,0.9827,0.9642,candidate_same_name
ID3506180,Papar,Kediri,35.06.14,Papar,Kediri,0.9792,0.9579,candidate_same_name
ID3506190,Pagu,Kediri,35.06.11,Pagu,Kediri,0.9848,0.9603,candidate_same_name
ID3506191,Kayen Kidul,Kediri,35.06.24,Kayen Kidul,Kediri,0.9682,0.9307,candidate_same_name
ID3506200,Gampengrejo,Kediri,35.06.12,Gampengrejo,Kediri,0.9847,0.9246,candidate_same_name
ID3506201,Ngasem,Kediri,35.06.25,Ngasem,Kediri,0.9754,0.9109,candidate_same_name
ID3506210,Banyakan,Kediri,35.06.22,Banyakan,Kediri,0.9623,0.9143,candidate_same_name
ID3506220,Grogol,Kediri,35.06.13,Grogol,Kediri,0.9585,0.8997,candidate_same_name
ID3506230,Tarokan,Kediri,35.06.20,Tarokan,Kediri,0.9813,0.9561,candidate_same_name
ID3507010,Donomulyo,Malang,35.07.01,Donomulyo,Malang,0.9794,0.9591,candidate_same_name
ID3507020,Kalipare,Malang,35.07.11,Kalipare,Malang,0.981,0.9584,candidate_same_name
ID3507030,Pagak,Malang,35.07.02,Pagak,Malang,0.9797,0.925,candidate_same_name
ID3507040,Bantur,Malang,35.07.03,Bantur,Malang,0.987,0.9523,candidate_same_name
ID3507050,Gedangan,Malang,35.07.29,Gedangan,Malang,0.9877,0.9688,candidate_same_name
ID3507060,Sumbermanjing,Malang,35.07.04,Sumbermanjing Wetan,Malang,0.981,0.9483,candidate_name_difference
ID3507070,Dampit,Malang,35.07.05,Dampit,Malang,0.9768,0.918,candidate_same_name
ID3507080,Tirto Yudo,Malang,35.07.30,Tirtoyudo,Malang,0.9141,0.7823,candidate_same_name
ID3507090,Ampelgading,Malang,35.07.06,Ampelgading,Malang,0.9329,0.7944,candidate_same_name
ID3507100,Poncokusumo,Malang,35.07.07,Poncokusumo,Malang,0.9841,0.9662,candidate_same_name
ID3507110,Wajak,Malang,35.07.08,Wajak,Malang,0.979,0.9533,candidate_same_name
ID3507120,Turen,Malang,35.07.09,Turen,Malang,0.9807,0.9595,candidate_same_name
ID3507130,Bululawang,Malang,35.07.14,Bululawang,Malang,0.983,0.96,candidate_same_name
ID3507140,Gondanglegi,Malang,35.07.10,Gondanglegi,Malang,0.9782,0.957,candidate_same_name
ID3507150,Pagelaran,Malang,35.07.33,Pagelaran,Malang,0.9853,0.9659,candidate_same_name
ID3507160,Kepanjen,Malang,35.07.13,Kepanjen,Malang,0.9853,0.9481,candidate_same_name
ID3507170,Sumber Pucung,Malang,35.07.12,Sumberpucung,Malang,0.9818,0.9419,candidate_same_name
ID3507180,Kromengan,Malang,35.07.31,Kromengan,Malang,0.9719,0.8973,candidate_same_name
ID3507190,Ngajum,Malang,35.07.20,Ngajum,Malang,0.9737,0.9002,candidate_same_name
ID3507200,Wonosari,Malang,35.07.32,Wonosari,Malang,0.9647,0.9134,candidate_same_name
ID3507210,Wagir,Malang,35.07.21,Wagir,Malang,0.9207,0.8358,candidate_same_name
ID3507220,Pakisaji,Malang,35.07.19,Pakisaji,Malang,0.9791,0.9488,candidate_same_name
ID3507230,Tajinan,Malang,35.07.15,Tajinan,Malang,0.9781,0.9499,candidate_same_name
ID3507240,Tumpang,Malang,35.07.16,Tumpang,Malang,0.9763,0.9407,candidate_same_name
ID3507250,Pakis,Malang,35.07.18,Pakis,Malang,0.9693,0.9268,candidate_same_name
ID3507260,Jabung,Malang,35.07.17,Jabung,Malang,0.976,0.9448,candidate_same_name
ID3507270,Lawang,Malang,35.07.25,Lawang,Malang,0.958,0.9085,candidate_same_name
ID3507280,Singosari,Malang,35.07.24,Singosari,Malang,0.9725,0.9315,candidate_same_name
ID3507290,Karangploso,Malang,35.07.23,Karangploso,Malang,0.9643,0.8737,candidate_same_name
ID3507300,Dau,Malang,35.07.22,Dau,Malang,0.9837,0.871,candidate_same_name
ID3507310,Pujon,Malang,35.07.26,Pujon,Malang,0.9724,0.9061,candidate_same_name
ID3507320,Ngantang,Malang,35.07.27,Ngantang,Malang,0.9914,0.8815,candidate_same_name
ID3507330,Kasembon,Malang,35.07.28,Kasembon,Malang,0.9874,0.9604,candidate_same_name
ID3508010,Tempursari,Lumajang,35.08.01,Tempursari,Lumajang,0.9718,0.9048,candidate_same_name
ID3508020,Pronojiwo,Lumajang,35.08.02,Pronojiwo,Lumajang,0.98,0.9297,candidate_same_name
ID3508030,Candipuro,Lumajang,35.08.03,Candipuro,Lumajang,0.9667,0.818,candidate_same_name
ID3508040,Pasirian,Lumajang,35.08.04,Pasirian,Lumajang,0.9837,0.8453,candidate_same_name
ID3508050,Tempeh,Lumajang,35.08.05,Tempeh,Lumajang,0.9832,0.9391,candidate_same_name
ID3508060,Lumajang,Lumajang,35.08.10,Lumajang,Lumajang,0.9537,0.9084,candidate_same_name
ID3508061,Sumbersuko,Lumajang,35.08.21,Sumbersuko,Lumajang,0.9587,0.9159,candidate_same_name
ID3508070,Tekung,Lumajang,35.08.09,Tekung,Lumajang,0.9774,0.8936,candidate_same_name
ID3508080,Kunir,Lumajang,35.08.06,Kunir,Lumajang,0.9707,0.9208,candidate_same_name
ID3508090,Yosowilangun,Lumajang,35.08.07,Yosowilangun,Lumajang,0.9773,0.9548,candidate_same_name
ID3508100,Rowokangkung,Lumajang,35.08.08,Rowokangkung,Lumajang,0.9735,0.8453,candidate_same_name
ID3508110,Jatiroto,Lumajang,35.08.17,Jatiroto,Lumajang,0.9852,0.8227,candidate_same_name
ID3508120,Randuagung,Lumajang,35.08.18,Randuagung,Lumajang,0.9537,0.9077,candidate_same_name
ID3508130,Sukodono,Lumajang,35.08.15,Sukodono,Lumajang,0.9649,0.9305,candidate_same_name
ID3508140,Padang,Lumajang,35.08.14,Padang,Lumajang,0.9767,0.9384,candidate_same_name
ID3508150,Pasrujambe,Lumajang,35.08.11,Pasrujambe,Lumajang,0.9904,0.9704,candidate_same_name
ID3508160,Senduro,Lumajang,35.08.12,Senduro,Lumajang,0.9738,0.9348,candidate_same_name
ID3508170,Gucialit,Lumajang,35.08.13,Gucialit,Lumajang,0.9469,0.8951,candidate_same_name
ID3508180,Kedungjajang,Lumajang,35.08.16,Kedungjajang,Lumajang,0.9739,0.9457,candidate_same_name
ID3508190,Klakah,Lumajang,35.08.19,Klakah,Lumajang,0.9422,0.8901,candidate_same_name
ID3508200,Ranuyoso,Lumajang,35.08.20,Ranuyoso,Lumajang,0.9586,0.9199,candidate_same_name
ID3509010,Kencong,Jember,35.09.02,Kencong,Jember,0.9728,0.8789,candidate_same_name
ID3509020,Gumuk Mas,Jember,35.09.04,Gumukmas,Jember,0.9856,0.9316,candidate_same_name
ID3509030,Puger,Jember,35.09.08,Puger,Jember,0.987,0.971,candidate_same_name
ID3509040,Wuluhan,Jember,35.09.11,Wuluhan,Jember,0.9775,0.9079,candidate_same_name
ID3509050,Ambulu,Jember,35.09.12,Ambulu,Jember,0.921,0.8445,candidate_same_name
ID3509060,Tempurejo,Jember,35.09.18,Tempurejo,Jember,0.9719,0.9379,candidate_same_name
ID3509070,Silo,Jember,35.09.30,Silo,Jember,0.9667,0.9224,candidate_same_name
ID3509080,Mayang,Jember,35.09.26,Mayang,Jember,0.9688,0.9237,candidate_same_name
ID3509090,Mumbulsari,Jember,35.09.23,Mumbulsari,Jember,0.9861,0.8803,candidate_same_name
ID3509100,Jenggawah,Jember,35.09.16,Jenggawah,Jember,0.9832,0.9603,candidate_same_name
ID3509110,Ajung,Jember,35.09.17,Ajung,Jember,0.978,0.9452,candidate_same_name
ID3509120,Rambipuji,Jember,35.09.13,Rambipuji,Jember,0.9676,0.9312,candidate_same_name
ID3509130,Balung,Jember,35.09.10,Balung,Jember,0.9792,0.9572,candidate_same_name
ID3509140,Umbulsari,Jember,35.09.05,Umbulsari,Jember,0.9814,0.9499,candidate_same_name
ID3509150,Semboro,Jember,35.09.07,Semboro,Jember,0.9568,0.8596,candidate_same_name
ID3509160,Jombang,Jember,35.09.01,Jombang,Jember,0.9795,0.9447,candidate_same_name
ID3509170,Sumber Baru,Jember,35.09.03,Sumberbaru,Jember,0.9864,0.9477,candidate_same_name
ID3509180,Tanggul,Jember,35.09.06,Tanggul,Jember,0.9754,0.9366,candidate_same_name
ID3509190,Bangsalsari,Jember,35.09.09,Bangsalsari,Jember,0.9848,0.9653,candidate_same_name
ID3509200,Panti,Jember,35.09.14,Panti,Jember,0.9806,0.8831,candidate_same_name
ID3509210,Sukorambi,Jember,35.09.15,Sukorambi,Jember,0.9601,0.7142,candidate_same_name
ID3509220,Arjasa,Jember,35.09.22,Arjasa,Jember,0.9854,0.6527,hold_boundary_or_split
ID3509230,Pakusari,Jember,35.09.24,Pakusari,Jember,0.9761,0.9431,candidate_same_name
ID3509240,Kalisat,Jember,35.09.27,Kalisat,Jember,0.9771,0.9481,candidate_same_name
ID3509250,Ledokombo,Jember,35.09.28,Ledokombo,Jember,0.9749,0.9243,candidate_same_name
ID3509260,Sumberjambe,Jember,35.09.31,Sumberjambe,Jember,0.9671,0.9363,candidate_same_name
ID3509270,Sukowono,Jember,35.09.29,Sukowono,Jember,0.9615,0.903,candidate_same_name
ID3509280,Jelbuk,Jember,35.09.25,Jelbuk,Jember,0.9087,0.7112,candidate_same_name
ID3509710,Kaliwates,Jember,35.09.19,Kaliwates,Jember,0.9575,0.9172,candidate_same_name
ID3509720,Sumbersari,Jember,35.09.21,Sumbersari,Jember,0.9731,0.94,candidate_same_name
ID3509730,Patrang,Jember,35.09.20,Patrang,Jember,0.978,0.9116,candidate_same_name
ID3510010,Pesanggaran,Banyuwangi,35.10.01,Pesanggaran,Banyuwangi,0.9972,0.9842,candidate_same_name
ID3510011,Siliragung,Banyuwangi,35.10.22,Siliragung,Banyuwangi,0.9815,0.963,candidate_same_name
ID3510020,Bangorejo,Banyuwangi,35.10.02,Bangorejo,Banyuwangi,0.9878,0.951,candidate_same_name
ID3510030,Purwoharjo,Banyuwangi,35.10.03,Purwoharjo,Banyuwangi,0.9777,0.9436,candidate_same_name
ID3510040,Tegaldlimo,Banyuwangi,35.10.04,Tegaldlimo,Banyuwangi,0.9943,0.9862,candidate_same_name
ID3510050,Muncar,Banyuwangi,35.10.05,Muncar,Banyuwangi,0.9809,0.9101,candidate_same_name
ID3510060,Cluring,Banyuwangi,35.10.06,Cluring,Banyuwangi,0.9425,0.887,candidate_same_name
ID3510070,Gambiran,Banyuwangi,35.10.07,Gambiran,Banyuwangi,0.9656,0.9286,candidate_same_name
ID3510071,Tegalsari,Banyuwangi,35.10.23,Tegalsari,Banyuwangi,0.9792,0.9373,candidate_same_name
ID3510080,Glenmore,Banyuwangi,35.10.10,Glenmore,Banyuwangi,0.9845,0.9694,candidate_same_name
ID3510090,Kalibaru,Banyuwangi,35.10.11,Kalibaru,Banyuwangi,0.9776,0.9495,candidate_same_name
ID3510100,Genteng,Banyuwangi,35.10.09,Genteng,Banyuwangi,0.9676,0.9303,candidate_same_name
ID3510110,Srono,Banyuwangi,35.10.08,Srono,Banyuwangi,0.9801,0.9325,candidate_same_name
ID3510120,Rogojampi,Banyuwangi,35.10.13,Rogojampi,Banyuwangi,0.9721,0.9349,candidate_same_name
ID3510121,Blimbingsari,Banyuwangi,35.10.25,Blimbingsari,Banyuwangi,0.9873,0.9558,candidate_same_name
ID3510130,Kabat,Banyuwangi,35.10.14,Kabat,Banyuwangi,0.9713,0.9419,candidate_same_name
ID3510140,Singojuruh,Banyuwangi,35.10.12,Singojuruh,Banyuwangi,0.9767,0.8982,candidate_same_name
ID3510150,Sempu,Banyuwangi,35.10.20,Sempu,Banyuwangi,0.9841,0.9676,candidate_same_name
ID3510160,Songgon,Banyuwangi,35.10.19,Songgon,Banyuwangi,0.9837,0.9674,candidate_same_name
ID3510170,Glagah,Banyuwangi,35.10.15,Glagah,Banyuwangi,0.9444,0.8771,candidate_same_name
ID3510171,Licin,Banyuwangi,35.10.24,Licin,Banyuwangi,0.9797,0.9574,candidate_same_name
ID3510180,Banyuwangi,Banyuwangi,35.10.16,Banyuwangi,Banyuwangi,0.9682,0.9253,candidate_same_name
ID3510190,Giri,Banyuwangi,35.10.17,Giri,Banyuwangi,0.9627,0.9042,candidate_same_name
ID3510200,Kalipuro,Banyuwangi,35.10.21,Kalipuro,Banyuwangi,0.9935,0.9819,candidate_same_name
ID3510210,Wongsorejo,Banyuwangi,35.10.18,Wongsorejo,Banyuwangi,0.9971,0.9932,candidate_same_name
ID3511010,Maesan,Bondowoso,35.11.01,Maesan,Bondowoso,0.9649,0.9192,candidate_same_name
ID3511020,Grujugan,Bondowoso,35.11.06,Grujugan,Bondowoso,0.9775,0.947,candidate_same_name
ID3511030,Tamanan,Bondowoso,35.11.02,Tamanan,Bondowoso,0.9678,0.8985,candidate_same_name
ID3511031,Jambesari Darus Sholah,Bondowoso,35.11.23,Jambesari Darus Sholah,Bondowoso,0.9557,0.8976,candidate_same_name
ID3511040,Pujer,Bondowoso,35.11.05,Pujer,Bondowoso,0.9844,0.942,candidate_same_name
ID3511050,Tlogosari,Bondowoso,35.11.03,Tlogosari,Bondowoso,0.964,0.9004,candidate_same_name
ID3511060,Sukosari,Bondowoso,35.11.04,Sukosari,Bondowoso,0.9337,0.8073,candidate_same_name
ID3511061,Sumber Wringin,Bondowoso,35.11.18,Sumberwringin,Bondowoso,0.9851,0.9535,candidate_same_name
ID3511070,Tapen,Bondowoso,35.11.10,Tapen,Bondowoso,0.9469,0.8949,candidate_same_name
ID3511080,Wonosari,Bondowoso,35.11.09,Wonosari,Bondowoso,0.9742,0.9364,candidate_same_name
ID3511090,Tenggarang,Bondowoso,35.11.08,Tenggarang,Bondowoso,0.9939,0.9412,candidate_same_name
ID3511100,Bondowoso,Bondowoso,35.11.11,Bondowoso,Bondowoso,0.9667,0.9075,candidate_same_name
ID3511110,Curah Dami,Bondowoso,35.11.07,Curahdami,Bondowoso,0.9812,0.9458,candidate_same_name
ID3511111,Binakal,Bondowoso,35.11.20,Binakal,Bondowoso,0.9936,0.9406,candidate_same_name
ID3511120,Pakem,Bondowoso,35.11.17,Pakem,Bondowoso,0.9818,0.9455,candidate_same_name
ID3511130,Wringin,Bondowoso,35.11.12,Wringin,Bondowoso,0.9872,0.9702,candidate_same_name
ID3511140,Tegalampel,Bondowoso,35.11.13,Tegalampel,Bondowoso,0.9857,0.9585,candidate_same_name
ID3511141,Taman Krocok,Bondowoso,35.11.21,Taman Krocok,Bondowoso,0.9942,0.9852,candidate_same_name
ID3511150,Klabang,Bondowoso,35.11.14,Klabang,Bondowoso,0.988,0.9108,candidate_same_name
ID3511151,Ijen,Bondowoso,35.11.19,Sempol,Bondowoso,0.9968,0.9927,candidate_name_difference
ID3511152,Botolinggo,Bondowoso,35.11.22,Botolinggo,Bondowoso,0.9827,0.9649,candidate_same_name
ID3511160,Prajekan,Bondowoso,35.11.16,Prajekan,Bondowoso,0.9841,0.889,candidate_same_name
ID3511170,Cermee,Bondowoso,35.11.15,Cermee,Bondowoso,0.9909,0.9736,candidate_same_name
ID3512010,Sumbermalang,Situbondo,35.12.15,Sumbermalang,Situbondo,0.9883,0.9722,candidate_same_name
ID3512020,Jatibanteng,Situbondo,35.12.01,Jatibanteng,Situbondo,0.9928,0.9711,candidate_same_name
ID3512030,Banyuglugur,Situbondo,35.12.16,Banyuglugur,Situbondo,0.9925,0.9785,candidate_same_name
ID3512040,Besuki,Situbondo,35.12.02,Besuki,Situbondo,0.9824,0.931,candidate_same_name
ID3512050,Suboh,Situbondo,35.12.03,Suboh,Situbondo,0.9521,0.9039,candidate_same_name
ID3512060,Mlandingan,Situbondo,35.12.04,Mlandingan,Situbondo,0.9762,0.9337,candidate_same_name
ID3512070,Bungatan,Situbondo,35.12.17,Bungatan,Situbondo,0.9829,0.9547,candidate_same_name
ID3512080,Kendit,Situbondo,35.12.05,Kendit,Situbondo,0.9872,0.9626,candidate_same_name
ID3512090,Panarukan,Situbondo,35.12.06,Panarukan,Situbondo,0.9833,0.9216,candidate_same_name
ID3512100,Situbondo,Situbondo,35.12.07,Situbondo,Situbondo,0.9643,0.895,candidate_same_name
ID3512110,Mangaran,Situbondo,35.12.09,Mangaran,Situbondo,0.9904,0.9429,candidate_same_name
ID3512120,Panji,Situbondo,35.12.08,Panji,Situbondo,0.9853,0.97,candidate_same_name
ID3512130,Kapongan,Situbondo,35.12.10,Kapongan,Situbondo,0.9872,0.97,candidate_same_name
ID3512140,Arjasa,Situbondo,35.12.11,Arjasa,Situbondo,0.9916,0.9772,candidate_same_name
ID3512150,Jangkar,Situbondo,35.12.12,Jangkar,Situbondo,0.9874,0.9572,candidate_same_name
ID3512160,Asembagus,Situbondo,35.12.13,Asembagus,Situbondo,0.9945,0.5967,hold_boundary_or_split
ID3512170,Banyuputih,Situbondo,35.12.14,Banyuputih,Situbondo,0.9974,0.819,candidate_same_name
ID3513010,Sukapura,Probolinggo,35.13.01,Sukapura,Probolinggo,0.982,0.9307,candidate_same_name
ID3513020,Sumber,Probolinggo,35.13.02,Sumber,Probolinggo,0.966,0.9126,candidate_same_name
ID3513030,Kuripan,Probolinggo,35.13.03,Kuripan,Probolinggo,0.9647,0.8832,candidate_same_name
ID3513040,Bantaran,Probolinggo,35.13.04,Bantaran,Probolinggo,0.9802,0.9336,candidate_same_name
ID3513050,Leces,Probolinggo,35.13.05,Leces,Probolinggo,0.9822,0.9509,candidate_same_name
ID3513060,Tegalsiwalan,Probolinggo,35.13.20,Tegalsiwalan,Probolinggo,0.9863,0.9411,candidate_same_name
ID3513070,Banyuanyar,Probolinggo,35.13.06,Banyuanyar,Probolinggo,0.9272,0.8548,candidate_same_name
ID3513080,Tiris,Probolinggo,35.13.07,Tiris,Probolinggo,0.9473,0.8907,candidate_same_name
ID3513090,Krucil,Probolinggo,35.13.08,Krucil,Probolinggo,0.9787,0.9503,candidate_same_name
ID3513100,Gading,Probolinggo,35.13.09,Gading,Probolinggo,0.9868,0.9491,candidate_same_name
ID3513110,Pakuniran,Probolinggo,35.13.10,Pakuniran,Probolinggo,0.9861,0.9714,candidate_same_name
ID3513120,Kotaanyar,Probolinggo,35.13.11,Kotaanyar,Probolinggo,0.9833,0.9526,candidate_same_name
ID3513130,Paiton,Probolinggo,35.13.12,Paiton,Probolinggo,0.9858,0.9641,candidate_same_name
ID3513140,Besuk,Probolinggo,35.13.13,Besuk,Probolinggo,0.9515,0.8959,candidate_same_name
ID3513150,Kraksaan,Probolinggo,35.13.14,Kraksaan,Probolinggo,0.9737,0.9171,candidate_same_name
ID3513160,Krejengan,Probolinggo,35.13.15,Krejengan,Probolinggo,0.9524,0.8712,candidate_same_name
ID3513170,Pajarakan,Probolinggo,35.13.16,Pajarakan,Probolinggo,0.9774,0.9275,candidate_same_name
ID3513180,Maron,Probolinggo,35.13.17,Maron,Probolinggo,0.9748,0.9316,candidate_same_name
ID3513190,Gending,Probolinggo,35.13.18,Gending,Probolinggo,0.9755,0.9517,candidate_same_name
ID3513200,Dringu,Probolinggo,35.13.19,Dringu,Probolinggo,0.9751,0.9403,candidate_same_name
ID3513210,Wonomerto,Probolinggo,35.13.22,Wonomerto,Probolinggo,0.9718,0.918,candidate_same_name
ID3513220,Lumbang,Probolinggo,35.13.24,Lumbang,Probolinggo,0.9699,0.9188,candidate_same_name
ID3513230,Tongas,Probolinggo,35.13.23,Tongas,Probolinggo,0.9825,0.9633,candidate_same_name
ID3513240,Sumberasih,Probolinggo,35.13.21,Sumberasih,Probolinggo,0.9571,0.9158,candidate_same_name
ID3514010,Purwodadi,Pasuruan,35.14.01,Purwodadi,Pasuruan,0.8919,0.7205,candidate_same_name
ID3514020,Tutur,Pasuruan,35.14.02,Tutur,Pasuruan,0.9908,0.8914,candidate_same_name
ID3514030,Puspo,Pasuruan,35.14.03,Puspo,Pasuruan,0.9888,0.9624,candidate_same_name
ID3514040,Tosari,Pasuruan,35.14.24,Tosari,Pasuruan,0.9918,0.9771,candidate_same_name
ID3514050,Lumbang,Pasuruan,35.14.04,Lumbang,Pasuruan,0.993,0.9853,candidate_same_name
ID3514060,Pasrepan,Pasuruan,35.14.05,Pasrepan,Pasuruan,0.9906,0.9543,candidate_same_name
ID3514070,Kejayan,Pasuruan,35.14.06,Kejayan,Pasuruan,0.9882,0.9758,candidate_same_name
ID3514080,Wonorejo,Pasuruan,35.14.07,Wonorejo,Pasuruan,0.9826,0.9439,candidate_same_name
ID3514090,Purwosari,Pasuruan,35.14.08,Purwosari,Pasuruan,0.9682,0.7486,candidate_same_name
ID3514100,Prigen,Pasuruan,35.14.10,Prigen,Pasuruan,0.9838,0.9496,candidate_same_name
ID3514110,Sukorejo,Pasuruan,35.14.09,Sukorejo,Pasuruan,0.9705,0.9115,candidate_same_name
ID3514120,Pandaan,Pasuruan,35.14.11,Pandaan,Pasuruan,0.9568,0.8946,candidate_same_name
ID3514130,Gempol,Pasuruan,35.14.12,Gempol,Pasuruan,0.9666,0.9224,candidate_same_name
ID3514140,Beji,Pasuruan,35.14.13,Beji,Pasuruan,0.9323,0.8436,candidate_same_name
ID3514150,Bangil,Pasuruan,35.14.14,Bangil,Pasuruan,0.9515,0.8617,candidate_same_name
ID3514160,Rembang,Pasuruan,35.14.15,Rembang,Pasuruan,0.9716,0.9043,candidate_same_name
ID3514170,Kraton,Pasuruan,35.14.16,Kraton,Pasuruan,0.9679,0.901,candidate_same_name
ID3514180,Pohjentrek,Pasuruan,35.14.17,Pohjentrek,Pasuruan,0.9579,0.906,candidate_same_name
ID3514190,Gondang Wetan,Pasuruan,35.14.18,Gondangwetan,Pasuruan,0.9819,0.9614,candidate_same_name
ID3514200,Rejoso,Pasuruan,35.14.23,Rejoso,Pasuruan,0.9642,0.9267,candidate_same_name
ID3514210,Winongan,Pasuruan,35.14.19,Winongan,Pasuruan,0.9821,0.9536,candidate_same_name
ID3514220,Grati,Pasuruan,35.14.20,Grati,Pasuruan,0.9881,0.9751,candidate_same_name
ID3514230,Lekok,Pasuruan,35.14.22,Lekok,Pasuruan,0.984,0.9471,candidate_same_name
ID3514240,Nguling,Pasuruan,35.14.21,Nguling,Pasuruan,0.9906,0.9653,candidate_same_name
ID3515010,Tarik,Sidoarjo,35.15.01,Tarik,Sidoarjo,0.9867,0.9674,candidate_same_name
ID3515020,Prambon,Sidoarjo,35.15.02,Prambon,Sidoarjo,0.987,0.9656,candidate_same_name
ID3515030,Krembung,Sidoarjo,35.15.03,Krembung,Sidoarjo,0.9849,0.9686,candidate_same_name
ID3515040,Porong,Sidoarjo,35.15.04,Porong,Sidoarjo,0.9541,0.9106,candidate_same_name
ID3515050,Jabon,Sidoarjo,35.15.05,Jabon,Sidoarjo,0.9795,0.9316,candidate_same_name
ID3515060,Tanggulangin,Sidoarjo,35.15.06,Tanggulangin,Sidoarjo,0.983,0.9521,candidate_same_name
ID3515070,Candi,Sidoarjo,35.15.07,Candi,Sidoarjo,0.9813,0.9562,candidate_same_name
ID3515080,Tulangan,Sidoarjo,35.15.09,Tulangan,Sidoarjo,0.9877,0.9713,candidate_same_name
ID3515090,Wonoayu,Sidoarjo,35.15.10,Wonoayu,Sidoarjo,0.9903,0.9795,candidate_same_name
ID3515100,Sukodono,Sidoarjo,35.15.14,Sukodono,Sidoarjo,0.9915,0.9744,candidate_same_name
ID3515110,Sidoarjo,Sidoarjo,35.15.08,Sidoarjo,Sidoarjo,0.9865,0.9567,candidate_same_name
ID3515120,Buduran,Sidoarjo,35.15.15,Buduran,Sidoarjo,0.9882,0.8776,candidate_same_name
ID3515130,Sedati,Sidoarjo,35.15.17,Sedati,Sidoarjo,0.9741,0.9147,candidate_same_name
ID3515140,Waru,Sidoarjo,35.15.18,Waru,Sidoarjo,0.9882,0.9715,candidate_same_name
ID3515150,Gedangan,Sidoarjo,35.15.16,Gedangan,Sidoarjo,0.9885,0.9748,candidate_same_name
ID3515160,Taman,Sidoarjo,35.15.13,Taman,Sidoarjo,0.9872,0.9677,candidate_same_name
ID3515170,Krian,Sidoarjo,35.15.11,Krian,Sidoarjo,0.9899,0.9757,candidate_same_name
ID3515180,Balong Bendo,Sidoarjo,35.15.12,Balongbendo,Sidoarjo,0.9818,0.9253,candidate_same_name
ID3516010,Jatirejo,Mojokerto,35.16.01,Jatirejo,Mojokerto,0.9806,0.9568,candidate_same_name
ID3516020,Gondang,Mojokerto,35.16.02,Gondang,Mojokerto,0.9801,0.9543,candidate_same_name
ID3516030,Pacet,Mojokerto,35.16.03,Pacet,Mojokerto,0.9904,0.9422,candidate_same_name
ID3516040,Trawas,Mojokerto,35.16.04,Trawas,Mojokerto,0.9826,0.9563,candidate_same_name
ID3516050,Ngoro,Mojokerto,35.16.05,Ngoro,Mojokerto,0.969,0.9348,candidate_same_name
ID3516060,Pungging,Mojokerto,35.16.06,Pungging,Mojokerto,0.975,0.9229,candidate_same_name
ID3516070,Kutorejo,Mojokerto,35.16.07,Kutorejo,Mojokerto,0.9768,0.9428,candidate_same_name
ID3516080,Mojosari,Mojokerto,35.16.08,Mojosari,Mojokerto,0.9835,0.9332,candidate_same_name
ID3516090,Bangsal,Mojokerto,35.16.10,Bangsal,Mojokerto,0.9671,0.9347,candidate_same_name
ID3516091,Mojoanyar,Mojokerto,35.16.18,Mojoanyar,Mojokerto,0.9904,0.9701,candidate_same_name
ID3516100,Dlanggu,Mojokerto,35.16.09,Dlanggu,Mojokerto,0.971,0.9361,candidate_same_name
ID3516110,Puri,Mojokerto,35.16.11,Puri,Mojokerto,0.9874,0.9635,candidate_same_name
ID3516120,Trowulan,Mojokerto,35.16.12,Trowulan,Mojokerto,0.9691,0.7926,candidate_same_name
ID3516130,Sooko,Mojokerto,35.16.13,Sooko,Mojokerto,0.9728,0.9245,candidate_same_name
ID3516140,Gedek,Mojokerto,35.16.14,Gedeg,Mojokerto,0.9801,0.9463,candidate_name_difference
ID3516150,Kemlagi,Mojokerto,35.16.15,Kemlagi,Mojokerto,0.9731,0.9361,candidate_same_name
ID3516160,Jetis,Mojokerto,35.16.16,Jetis,Mojokerto,0.9766,0.952,candidate_same_name
ID3516170,Dawar Blandong,Mojokerto,35.16.17,Dawarblandong,Mojokerto,0.9742,0.949,candidate_same_name
ID3517010,Bandar Kedung Mulyo,Jombang,35.17.18,Bandarkedungmulyo,Jombang,0.974,0.9489,candidate_same_name
ID3517020,Perak,Jombang,35.17.01,Perak,Jombang,0.9883,0.9342,candidate_same_name
ID3517030,Gudo,Jombang,35.17.02,Gudo,Jombang,0.9747,0.9449,candidate_same_name
ID3517040,Diwek,Jombang,35.17.08,Diwek,Jombang,0.986,0.9694,candidate_same_name
ID3517050,Ngoro,Jombang,35.17.03,Ngoro,Jombang,0.9876,0.974,candidate_same_name
ID3517060,Mojowarno,Jombang,35.17.07,Mojowarno,Jombang,0.9904,0.9684,candidate_same_name
ID3517070,Bareng,Jombang,35.17.04,Bareng,Jombang,0.9705,0.9287,candidate_same_name
ID3517080,Wonosalam,Jombang,35.17.05,Wonosalam,Jombang,0.9756,0.9452,candidate_same_name
ID3517090,Mojoagung,Jombang,35.17.06,Mojoagung,Jombang,0.9731,0.8212,candidate_same_name
ID3517100,Sumobito,Jombang,35.17.11,Sumobito,Jombang,0.9872,0.971,candidate_same_name
ID3517110,Jogo Roto,Jombang,35.17.19,Jogoroto,Jombang,0.9879,0.9682,candidate_same_name
ID3517120,Peterongan,Jombang,35.17.10,Peterongan,Jombang,0.9855,0.9694,candidate_same_name
ID3517130,Jombang,Jombang,35.17.09,Jombang,Jombang,0.9846,0.9673,candidate_same_name
ID3517140,Megaluh,Jombang,35.17.20,Megaluh,Jombang,0.9903,0.943,candidate_same_name
ID3517150,Tembelang,Jombang,35.17.13,Tembelang,Jombang,0.9911,0.9755,candidate_same_name
ID3517160,Kesamben,Jombang,35.17.12,Kesamben,Jombang,0.9897,0.9783,candidate_same_name
ID3517170,Kudu,Jombang,35.17.17,Kudu,Jombang,0.9719,0.8574,candidate_same_name
ID3517171,Ngusikan,Jombang,35.17.21,Ngusikan,Jombang,0.9758,0.8437,candidate_same_name
ID3517180,Ploso,Jombang,35.17.14,Ploso,Jombang,0.9839,0.9589,candidate_same_name
ID3517190,Kabuh,Jombang,35.17.16,Kabuh,Jombang,0.9885,0.9695,candidate_same_name
ID3517200,Plandaan,Jombang,35.17.15,Plandaan,Jombang,0.9897,0.9772,candidate_same_name
ID3518010,Sawahan,Nganjuk,35.18.01,Sawahan,Nganjuk,0.9856,0.9586,candidate_same_name
ID3518020,Ngetos,Nganjuk,35.18.02,Ngetos,Nganjuk,0.9833,0.9393,candidate_same_name
ID3518030,Berbek,Nganjuk,35.18.03,Berbek,Nganjuk,0.9772,0.9155,candidate_same_name
ID3518040,Loceret,Nganjuk,35.18.04,Loceret,Nganjuk,0.9723,0.9175,candidate_same_name
ID3518050,Pace,Nganjuk,35.18.05,Pace,Nganjuk,0.9776,0.9345,candidate_same_name
ID3518060,Tanjunganom,Nganjuk,35.18.11,Tanjunganom,Nganjuk,0.9852,0.9699,candidate_same_name
ID3518070,Prambon,Nganjuk,35.18.06,Prambon,Nganjuk,0.9806,0.9602,candidate_same_name
ID3518080,Ngronggot,Nganjuk,35.18.07,Ngronggot,Nganjuk,0.9889,0.9744,candidate_same_name
ID3518090,Kertosono,Nganjuk,35.18.08,Kertosono,Nganjuk,0.9788,0.95,candidate_same_name
ID3518100,Patianrowo,Nganjuk,35.18.09,Patianrowo,Nganjuk,0.983,0.9472,candidate_same_name
ID3518110,Baron,Nganjuk,35.18.10,Baron,Nganjuk,0.9851,0.9555,candidate_same_name
ID3518120,Gondang,Nganjuk,35.18.17,Gondang,Nganjuk,0.9902,0.948,candidate_same_name
ID3518130,Sukomoro,Nganjuk,35.18.12,Sukomoro,Nganjuk,0.9826,0.9481,candidate_same_name
ID3518140,Nganjuk,Nganjuk,35.18.13,Nganjuk,Nganjuk,0.9689,0.9115,candidate_same_name
ID3518150,Bagor,Nganjuk,35.18.14,Bagor,Nganjuk,0.9854,0.9586,candidate_same_name
ID3518160,Wilangan,Nganjuk,35.18.15,Wilangan,Nganjuk,0.9767,0.9151,candidate_same_name
ID3518170,Rejoso,Nganjuk,35.18.16,Rejoso,Nganjuk,0.9814,0.9259,candidate_same_name
ID3518180,Ngluyu,Nganjuk,35.18.18,Ngluyu,Nganjuk,0.9921,0.9108,candidate_same_name
ID3518190,Lengkong,Nganjuk,35.18.19,Lengkong,Nganjuk,0.9863,0.935,candidate_same_name
ID3518200,Jatikalen,Nganjuk,35.18.20,Jatikalen,Nganjuk,0.99,0.9543,candidate_same_name
ID3519010,Kebonsari,Madiun,35.19.01,Kebonsari,Madiun,0.9727,0.9438,candidate_same_name
ID3519020,Geger,Madiun,35.19.03,Geger,Madiun,0.9598,0.9033,candidate_same_name
ID3519030,Dolopo,Madiun,35.19.02,Dolopo,Madiun,0.9606,0.9215,candidate_same_name
ID3519040,Dagangan,Madiun,35.19.04,Dagangan,Madiun,0.9801,0.9203,candidate_same_name
ID3519050,Wungu,Madiun,35.19.07,Wungu,Madiun,0.97,0.889,candidate_same_name
ID3519060,Kare,Madiun,35.19.05,Kare,Madiun,0.9303,0.8595,candidate_same_name
ID3519070,Gemarang,Madiun,35.19.06,Gemarang,Madiun,0.9719,0.9127,candidate_same_name
ID3519080,Saradan,Madiun,35.19.12,Saradan,Madiun,0.9854,0.9664,candidate_same_name
ID3519090,Pilangkenceng,Madiun,35.19.13,Pilangkenceng,Madiun,0.985,0.9546,candidate_same_name
ID3519100,Mejayan,Madiun,35.19.11,Mejayan,Madiun,0.984,0.9513,candidate_same_name
ID3519110,Wonoasri,Madiun,35.19.15,Wonoasri,Madiun,0.9725,0.8145,candidate_same_name
ID3519120,Balerejo,Madiun,35.19.10,Balerejo,Madiun,0.9685,0.9204,candidate_same_name
ID3519130,Madiun,Madiun,35.19.08,Madiun,Madiun,0.851,0.7402,candidate_same_name
ID3519140,Sawahan,Madiun,35.19.14,Sawahan,Madiun,0.9702,0.9223,candidate_same_name
ID3519150,Jiwan,Madiun,35.19.09,Jiwan,Madiun,0.9505,0.8971,candidate_same_name
ID3520010,Poncol,Magetan,35.20.01,Poncol,Magetan,0.9662,0.9247,candidate_same_name
ID3520020,Parang,Magetan,35.20.02,Parang,Magetan,0.983,0.9215,candidate_same_name
ID3520030,Lembeyan,Magetan,35.20.03,Lembeyan,Magetan,0.9858,0.9623,candidate_same_name
ID3520040,Takeran,Magetan,35.20.04,Takeran,Magetan,0.9836,0.9285,candidate_same_name
ID3520041,Nguntoronadi,Magetan,35.20.17,Nguntoronadi,Magetan,0.9728,0.9414,candidate_same_name
ID3520050,Kawedanan,Magetan,35.20.05,Kawedanan,Magetan,0.9857,0.9521,candidate_same_name
ID3520060,Magetan,Magetan,35.20.06,Magetan,Magetan,0.9705,0.9102,candidate_same_name
ID3520061,Ngariboyo,Magetan,35.20.16,Ngariboyo,Magetan,0.9762,0.9441,candidate_same_name
ID3520070,Plaosan,Magetan,35.20.07,Plaosan,Magetan,0.9841,0.9321,candidate_same_name
ID3520071,Sidorejo,Magetan,35.20.18,Sidorejo,Magetan,0.977,0.9151,candidate_same_name
ID3520080,Panekan,Magetan,35.20.08,Panekan,Magetan,0.9801,0.944,candidate_same_name
ID3520090,Sukomoro,Magetan,35.20.09,Sukomoro,Magetan,0.9733,0.942,candidate_same_name
ID3520100,Bendo,Magetan,35.20.10,Bendo,Magetan,0.9647,0.915,candidate_same_name
ID3520110,Maospati,Magetan,35.20.11,Maospati,Magetan,0.9632,0.9061,candidate_same_name
ID3520120,Karangrejo,Magetan,35.20.13,Karangrejo,Magetan,0.9679,0.9123,candidate_same_name
ID3520121,Karas,Magetan,35.20.14,Karas,Magetan,0.9767,0.948,candidate_same_name
ID3520130,Barat,Magetan,35.20.12,Barat,Magetan,0.9618,0.9125,candidate_same_name
ID3520131,Kartoharjo,Magetan,35.20.15,Kartoharjo,Magetan,0.9678,0.9146,candidate_same_name
ID3521010,Sine,Ngawi,35.21.01,Sine,Ngawi,0.9711,0.9284,candidate_same_name
ID3521020,Ngrambe,Ngawi,35.21.02,Ngrambe,Ngawi,0.9815,0.9382,candidate_same_name
ID3521030,Jogorogo,Ngawi,35.21.03,Jogorogo,Ngawi,0.9798,0.9597,candidate_same_name
ID3521040,Kendal,Ngawi,35.21.04,Kendal,Ngawi,0.9752,0.9407,candidate_same_name
ID3521050,Geneng,Ngawi,35.21.05,Geneng,Ngawi,0.9734,0.9446,candidate_same_name
ID3521051,Gerih,Ngawi,35.21.18,Gerih,Ngawi,0.9438,0.8529,candidate_same_name
ID3521060,Kwadungan,Ngawi,35.21.06,Kwadungan,Ngawi,0.9636,0.9225,candidate_same_name
ID3521070,Pangkur,Ngawi,35.21.14,Pangkur,Ngawi,0.9627,0.9232,candidate_same_name
ID3521080,Karangjati,Ngawi,35.21.07,Karangjati,Ngawi,0.9829,0.8858,candidate_same_name
ID3521090,Bringin,Ngawi,35.21.15,Bringin,Ngawi,0.9827,0.8837,candidate_same_name
ID3521100,Padas,Ngawi,35.21.08,Padas,Ngawi,0.9643,0.9305,candidate_same_name
ID3521101,Kasreman,Ngawi,35.21.19,Kasreman,Ngawi,0.9744,0.8983,candidate_same_name
ID3521110,Ngawi,Ngawi,35.21.09,Ngawi,Ngawi,0.9847,0.9531,candidate_same_name
ID3521120,Paron,Ngawi,35.21.10,Paron,Ngawi,0.9848,0.9636,candidate_same_name
ID3521130,Kedunggalar,Ngawi,35.21.11,Kedunggalar,Ngawi,0.9673,0.9221,candidate_same_name
ID3521140,Pitu,Ngawi,35.21.16,Pitu,Ngawi,0.9411,0.8402,candidate_same_name
ID3521150,Widodaren,Ngawi,35.21.12,Widodaren,Ngawi,0.9645,0.916,candidate_same_name
ID3521160,Mantingan,Ngawi,35.21.13,Mantingan,Ngawi,0.9467,0.8599,candidate_same_name
ID3521170,Karanganyar,Ngawi,35.21.17,Karanganyar,Ngawi,0.95,0.8987,candidate_same_name
ID3522010,Margomulyo,Bojonegoro,35.22.22,Margomulyo,Bojonegoro,0.9817,0.964,candidate_same_name
ID3522020,Ngraho,Bojonegoro,35.22.01,Ngraho,Bojonegoro,0.9806,0.8817,candidate_same_name
ID3522030,Tambakrejo,Bojonegoro,35.22.02,Tambakrejo,Bojonegoro,0.977,0.9364,candidate_same_name
ID3522040,Ngambon,Bojonegoro,35.22.03,Ngambon,Bojonegoro,0.9347,0.8667,candidate_same_name
ID3522041,Sekar,Bojonegoro,35.22.27,Sekar,Bojonegoro,0.9744,0.9467,candidate_same_name
ID3522050,Bubulan,Bojonegoro,35.22.05,Bubulan,Bojonegoro,0.9331,0.7882,candidate_same_name
ID3522051,Gondang,Bojonegoro,35.22.26,Gondang,Bojonegoro,0.9924,0.8851,candidate_same_name
ID3522060,Temayang,Bojonegoro,35.22.21,Temayang,Bojonegoro,0.9249,0.8501,candidate_same_name
ID3522070,Sugihwaras,Bojonegoro,35.22.07,Sugihwaras,Bojonegoro,0.9522,0.8645,candidate_same_name
ID3522080,Kedungadem,Bojonegoro,35.22.08,Kedungadem,Bojonegoro,0.9821,0.9641,candidate_same_name
ID3522090,Kepoh Baru,Bojonegoro,35.22.09,Kepohbaru,Bojonegoro,0.9695,0.9163,candidate_same_name
ID3522100,Baureno,Bojonegoro,35.22.10,Baureno,Bojonegoro,0.9794,0.922,candidate_same_name
ID3522110,Kanor,Bojonegoro,35.22.11,Kanor,Bojonegoro,0.9783,0.9354,candidate_same_name
ID3522120,Sumberejo,Bojonegoro,35.22.12,Sumberrejo,Bojonegoro,0.9552,0.8976,candidate_name_difference
ID3522130,Balen,Bojonegoro,35.22.13,Balen,Bojonegoro,0.9564,0.9159,candidate_same_name
ID3522140,Sukosewu,Bojonegoro,35.22.24,Sukosewu,Bojonegoro,0.9539,0.8639,candidate_same_name
ID3522150,Kapas,Bojonegoro,35.22.14,Kapas,Bojonegoro,0.9558,0.8877,candidate_same_name
ID3522160,Bojonegoro,Bojonegoro,35.22.15,Bojonegoro,Bojonegoro,0.945,0.8939,candidate_same_name
ID3522170,Trucuk,Bojonegoro,35.22.23,Trucuk,Bojonegoro,0.9522,0.7997,candidate_same_name
ID3522180,Dander,Bojonegoro,35.22.06,Dander,Bojonegoro,0.9603,0.9154,candidate_same_name
ID3522190,Ngasem,Bojonegoro,35.22.04,Ngasem,Bojonegoro,0.9633,0.8962,candidate_same_name
ID3522191,Gayam,Bojonegoro,35.22.28,Gayam,Bojonegoro,0.9798,0.8631,candidate_same_name
ID3522200,Kalitidu,Bojonegoro,35.22.16,Kalitidu,Bojonegoro,0.9714,0.9361,candidate_same_name
ID3522210,Malo,Bojonegoro,35.22.17,Malo,Bojonegoro,0.9516,0.7766,candidate_same_name
ID3522220,Purwosari,Bojonegoro,35.22.18,Purwosari,Bojonegoro,0.9783,0.9052,candidate_same_name
ID3522230,Padangan,Bojonegoro,35.22.19,Padangan,Bojonegoro,0.9565,0.9063,candidate_same_name
ID3522240,Kasiman,Bojonegoro,35.22.20,Kasiman,Bojonegoro,0.9778,0.8997,candidate_same_name
ID3522241,Kedewan,Bojonegoro,35.22.25,Kedewan,Bojonegoro,0.9788,0.9056,candidate_same_name
ID3522888,Perairan,Bojonegoro,35.22.17,Malo,Bojonegoro,0.6197,0.1445,exclude_non_kecamatan
ID3523010,Kenduruan,Tuban,35.23.01,Kenduruan,Tuban,0.9511,0.8951,candidate_same_name
ID3523020,Bangilan,Tuban,35.23.03,Bangilan,Tuban,0.9413,0.8827,candidate_same_name
ID3523030,Senori,Tuban,35.23.05,Senori,Tuban,0.9685,0.9009,candidate_same_name
ID3523040,Singgahan,Tuban,35.23.07,Singgahan,Tuban,0.9631,0.8097,candidate_same_name
ID3523050,Montong,Tuban,35.23.10,Montong,Tuban,0.9596,0.8787,candidate_same_name
ID3523060,Parengan,Tuban,35.23.09,Parengan,Tuban,0.9618,0.8784,candidate_same_name
ID3523070,Soko,Tuban,35.23.11,Soko,Tuban,0.9568,0.8825,candidate_same_name
ID3523080,Rengel,Tuban,35.23.14,Rengel,Tuban,0.9613,0.9193,candidate_same_name
ID3523081,Grabagan,Tuban,35.23.20,Grabagan,Tuban,0.9471,0.882,candidate_same_name
ID3523090,Plumpang,Tuban,35.23.17,Plumpang,Tuban,0.9809,0.9403,candidate_same_name
ID3523100,Widang,Tuban,35.23.19,Widang,Tuban,0.9902,0.9679,candidate_same_name
ID3523110,Palang,Tuban,35.23.18,Palang,Tuban,0.9921,0.977,candidate_same_name
ID3523120,Semanding,Tuban,35.23.15,Semanding,Tuban,0.9799,0.9401,candidate_same_name
ID3523130,Tuban,Tuban,35.23.16,Tuban,Tuban,0.9655,0.9171,candidate_same_name
ID3523140,Jenu,Tuban,35.23.12,Jenu,Tuban,0.9547,0.901,candidate_same_name
ID3523150,Merakurak,Tuban,35.23.13,Merakurak,Tuban,0.9533,0.879,candidate_same_name
ID3523160,Kerek,Tuban,35.23.08,Kerek,Tuban,0.975,0.9021,candidate_same_name
ID3523170,Tambakboyo,Tuban,35.23.06,Tambakboyo,Tuban,0.9413,0.8307,candidate_same_name
ID3523180,Jatirogo,Tuban,35.23.02,Jatirogo,Tuban,0.9628,0.8847,candidate_same_name
ID3523190,Bancar,Tuban,35.23.04,Bancar,Tuban,0.9774,0.9329,candidate_same_name
ID3524010,Sukorame,Lamongan,35.24.01,Sukorame,Lamongan,0.9857,0.9481,candidate_same_name
ID3524020,Bluluk,Lamongan,35.24.02,Bluluk,Lamongan,0.9816,0.9447,candidate_same_name
ID3524030,Ngimbang,Lamongan,35.24.04,Ngimbang,Lamongan,0.948,0.8767,candidate_same_name
ID3524040,Sambeng,Lamongan,35.24.11,Sambeng,Lamongan,0.9669,0.9241,candidate_same_name
ID3524050,Mantup,Lamongan,35.24.16,Mantup,Lamongan,0.985,0.9699,candidate_same_name
ID3524060,Kembangbahu,Lamongan,35.24.19,Kembangbahu,Lamongan,0.9728,0.9465,candidate_same_name
ID3524070,Sugio,Lamongan,35.24.12,Sugio,Lamongan,0.9768,0.9408,candidate_same_name
ID3524080,Kedungpring,Lamongan,35.24.06,Kedungpring,Lamongan,0.9667,0.9319,candidate_same_name
ID3524090,Modo,Lamongan,35.24.03,Modo,Lamongan,0.9818,0.9492,candidate_same_name
ID3524100,Babat,Lamongan,35.24.05,Babat,Lamongan,0.9809,0.9534,candidate_same_name
ID3524110,Pucuk,Lamongan,35.24.13,Pucuk,Lamongan,0.9517,0.8982,candidate_same_name
ID3524120,Sukodadi,Lamongan,35.24.17,Sukodadi,Lamongan,0.9568,0.9089,candidate_same_name
ID3524130,Lamongan,Lamongan,35.24.22,Lamongan,Lamongan,0.9647,0.9268,candidate_same_name
ID3524140,Tikung,Lamongan,35.24.23,Tikung,Lamongan,0.9731,0.9377,candidate_same_name
ID3524141,Sarirejo,Lamongan,35.24.27,Sarirejo,Lamongan,0.9666,0.9214,candidate_same_name
ID3524150,Deket,Lamongan,35.24.25,Deket,Lamongan,0.9822,0.9503,candidate_same_name
ID3524160,Glagah,Lamongan,35.24.26,Glagah,Lamongan,0.9906,0.9607,candidate_same_name
ID3524170,Karangbinangun,Lamongan,35.24.24,Karangbinangun,Lamongan,0.9842,0.9609,candidate_same_name
ID3524180,Turi,Lamongan,35.24.21,Turi,Lamongan,0.9809,0.961,candidate_same_name
ID3524190,Kalitengah,Lamongan,35.24.20,Kalitengah,Lamongan,0.982,0.9616,candidate_same_name
ID3524200,Karang Geneng,Lamongan,35.24.18,Karanggeneng,Lamongan,0.9643,0.9281,candidate_same_name
ID3524210,Sekaran,Lamongan,35.24.09,Sekaran,Lamongan,0.9642,0.9283,candidate_same_name
ID3524220,Maduran,Lamongan,35.24.10,Maduran,Lamongan,0.9773,0.9262,candidate_same_name
ID3524230,Laren,Lamongan,35.24.08,Laren,Lamongan,0.9623,0.8615,candidate_same_name
ID3524240,Solokuro,Lamongan,35.24.15,Solokuro,Lamongan,0.9825,0.9019,candidate_same_name
ID3524250,Paciran,Lamongan,35.24.14,Paciran,Lamongan,0.9708,0.9147,candidate_same_name
ID3524260,Brondong,Lamongan,35.24.07,Brondong,Lamongan,0.9599,0.8764,candidate_same_name
ID3525010,Wringinanom,Gresik,35.25.06,Wringinanom,Gresik,0.9484,0.8908,candidate_same_name
ID3525020,Driyorejo,Gresik,35.25.15,Driyorejo,Gresik,0.9391,0.8303,candidate_same_name
ID3525030,Kedamean,Gresik,35.25.08,Kedamean,Gresik,0.9377,0.8108,candidate_same_name
ID3525040,Menganti,Gresik,35.25.13,Menganti,Gresik,0.964,0.866,candidate_same_name
ID3525050,Cerme,Gresik,35.25.11,Cerme,Gresik,0.9346,0.8496,candidate_same_name
ID3525060,Benjeng,Gresik,35.25.04,Benjeng,Gresik,0.9435,0.7453,candidate_same_name
ID3525070,Balongpanggang,Gresik,35.25.02,Balongpanggang,Gresik,0.9645,0.8376,candidate_same_name
ID3525080,Duduksampeyan,Gresik,35.25.05,Duduksampeyan,Gresik,0.9543,0.9027,candidate_same_name
ID3525090,Kebomas,Gresik,35.25.14,Kebomas,Gresik,0.8516,0.6295,hold_boundary_or_split
ID3525100,Gresik,Gresik,35.25.16,Gresik,Gresik,0.982,0.4383,hold_boundary_or_split
ID3525110,Manyar,Gresik,35.25.10,Manyar,Gresik,0.9114,0.8003,candidate_same_name
ID3525120,Bungah,Gresik,35.25.12,Bungah,Gresik,0.9418,0.836,candidate_same_name
ID3525130,Sidayu,Gresik,35.25.09,Sidayu,Gresik,0.8851,0.7543,candidate_same_name
ID3525140,Dukun,Gresik,35.25.01,Dukun,Gresik,0.962,0.8381,candidate_same_name
ID3525150,Panceng,Gresik,35.25.03,Panceng,Gresik,0.9073,0.8191,candidate_same_name
ID3525160,Ujungpangkah,Gresik,35.25.07,Ujungpangkah,Gresik,0.9654,0.8539,candidate_same_name
ID3525170,Sangkapura,Gresik,35.25.17,Sangkapura,Gresik,0.9703,0.8618,candidate_same_name
ID3525180,Tambak,Gresik,35.25.18,Tambak,Gresik,0.9475,0.7384,candidate_same_name
ID3526010,Kamal,Bangkalan,35.26.04,Kamal,Bangkalan,0.9785,0.9107,candidate_same_name
ID3526020,Labang,Bangkalan,35.26.12,Labang,Bangkalan,0.9471,0.8552,candidate_same_name
ID3526030,Kwanyar,Bangkalan,35.26.11,Kwanyar,Bangkalan,0.9891,0.9665,candidate_same_name
ID3526040,Modung,Bangkalan,35.26.16,Modung,Bangkalan,0.9924,0.9748,candidate_same_name
ID3526050,Blega,Bangkalan,35.26.15,Blega,Bangkalan,0.9844,0.9678,candidate_same_name
ID3526060,Konang,Bangkalan,35.26.17,Konang,Bangkalan,0.9898,0.955,candidate_same_name
ID3526070,Galis,Bangkalan,35.26.18,Galis,Bangkalan,0.9942,0.9857,candidate_same_name
ID3526080,Tanah Merah,Bangkalan,35.26.13,Tanah Merah,Bangkalan,0.9895,0.978,candidate_same_name
ID3526090,Tragah,Bangkalan,35.26.14,Tragah,Bangkalan,0.9814,0.9484,candidate_same_name
ID3526100,Socah,Bangkalan,35.26.02,Socah,Bangkalan,0.9722,0.919,candidate_same_name
ID3526110,Bangkalan,Bangkalan,35.26.01,Bangkalan,Bangkalan,0.9446,0.8649,candidate_same_name
ID3526120,Burneh,Bangkalan,35.26.03,Burneh,Bangkalan,0.9877,0.9385,candidate_same_name
ID3526130,Arosbaya,Bangkalan,35.26.05,Arosbaya,Bangkalan,0.9764,0.9534,candidate_same_name
ID3526140,Geger,Bangkalan,35.26.06,Geger,Bangkalan,0.9972,0.9702,candidate_same_name
ID3526150,Kokop,Bangkalan,35.26.10,Kokop,Bangkalan,0.9761,0.9373,candidate_same_name
ID3526160,Tanjungbumi,Bangkalan,35.26.09,Tanjung Bumi,Bangkalan,0.9844,0.9423,candidate_same_name
ID3526170,Sepulu,Bangkalan,35.26.08,Sepulu,Bangkalan,0.986,0.9649,candidate_same_name
ID3526180,Klampis,Bangkalan,35.26.07,Klampis,Bangkalan,0.9848,0.9563,candidate_same_name
ID3527010,Sreseh,Sampang,35.27.01,Sreseh,Sampang,0.9831,0.9661,candidate_same_name
ID3527020,Torjun,Sampang,35.27.02,Torjun,Sampang,0.9431,0.8878,candidate_same_name
ID3527021,Pangarengan,Sampang,35.27.13,Pangarengan,Sampang,0.9905,0.9439,candidate_same_name
ID3527030,Sampang,Sampang,35.27.03,Sampang,Sampang,0.9681,0.9376,candidate_same_name
ID3527040,Camplong,Sampang,35.27.04,Camplong,Sampang,0.9854,0.9494,candidate_same_name
ID3527050,Omben,Sampang,35.27.05,Omben,Sampang,0.9866,0.961,candidate_same_name
ID3527060,Kedungdung,Sampang,35.27.06,Kedungdung,Sampang,0.9742,0.9149,candidate_same_name
ID3527070,Jrengik,Sampang,35.27.07,Jrengik,Sampang,0.9695,0.9039,candidate_same_name
ID3527080,Tambelangan,Sampang,35.27.08,Tambelangan,Sampang,0.9573,0.8688,candidate_same_name
ID3527090,Banyuates,Sampang,35.27.09,Banyuates,Sampang,0.9777,0.9342,candidate_same_name
ID3527100,Robatal,Sampang,35.27.10,Robatal,Sampang,0.9652,0.897,candidate_same_name
ID3527101,Karang Penang,Sampang,35.27.14,Karangpenang,Sampang,0.9688,0.9357,candidate_same_name
ID3527110,Ketapang,Sampang,35.27.12,Ketapang,Sampang,0.9852,0.9661,candidate_same_name
ID3527120,Sokobanah,Sampang,35.27.11,Sokobanah,Sampang,0.9809,0.961,candidate_same_name
ID3528010,Tlanakan,Pamekasan,35.28.01,Tlanakan,Pamekasan,0.9836,0.9625,candidate_same_name
ID3528020,Pademawu,Pamekasan,35.28.02,Pademawu,Pamekasan,0.9814,0.9532,candidate_same_name
ID3528030,Galis,Pamekasan,35.28.03,Galis,Pamekasan,0.9742,0.9459,candidate_same_name
ID3528040,Larangan,Pamekasan,35.28.08,Larangan,Pamekasan,0.9798,0.9424,candidate_same_name
ID3528050,Pamekasan,Pamekasan,35.28.04,Pamekasan,Pamekasan,0.972,0.9329,candidate_same_name
ID3528060,Proppo,Pamekasan,35.28.05,Proppo,Pamekasan,0.9925,0.9554,candidate_same_name
ID3528070,Palengaan,Pamekasan,35.28.06,Palengaan,Pamekasan,0.9778,0.9532,candidate_same_name
ID3528080,Pegantenan,Pamekasan,35.28.07,Pegantenan,Pamekasan,0.9836,0.9661,candidate_same_name
ID3528090,Kadur,Pamekasan,35.28.12,Kadur,Pamekasan,0.9836,0.9619,candidate_same_name
ID3528100,Pakong,Pamekasan,35.28.09,Pakong,Pamekasan,0.9901,0.9475,candidate_same_name
ID3528110,Waru,Pamekasan,35.28.10,Waru,Pamekasan,0.9708,0.9405,candidate_same_name
ID3528120,Batu Marmar,Pamekasan,35.28.11,Batumarmar,Pamekasan,0.9911,0.9788,candidate_same_name
ID3528130,Pasean,Pamekasan,35.28.13,Pasean,Pamekasan,0.9799,0.9433,candidate_same_name
ID3529010,Pragaan,Sumenep,35.29.11,Pragaan,Sumenep,0.9811,0.9379,candidate_same_name
ID3529020,Bluto,Sumenep,35.29.05,Bluto,Sumenep,0.9806,0.939,candidate_same_name
ID3529030,Saronggi,Sumenep,35.29.06,Saronggi,Sumenep,0.9875,0.9318,candidate_same_name
ID3529040,Giligenteng,Sumenep,35.29.08,Giliginting,Sumenep,0.9867,0.9496,candidate_name_difference
ID3529050,Talango,Sumenep,35.29.04,Talango,Sumenep,0.9915,0.9808,candidate_same_name
ID3529060,Kalianget,Sumenep,35.29.02,Kalianget,Sumenep,0.983,0.8516,candidate_same_name
ID3529070,Kota Sumenep,Sumenep,35.29.01,Kota Sumenep,Sumenep,0.978,0.8992,candidate_same_name
ID3529071,Batuan,Sumenep,35.29.26,Batuan,Sumenep,0.9726,0.9317,candidate_same_name
ID3529080,Lenteng,Sumenep,35.29.07,Lenteng,Sumenep,0.9712,0.9034,candidate_same_name
ID3529090,Ganding,Sumenep,35.29.10,Ganding,Sumenep,0.9622,0.9007,candidate_same_name
ID3529100,Guluk Guluk,Sumenep,35.29.09,Guluk-Guluk,Sumenep,0.9769,0.8876,candidate_same_name
ID3529110,Pasongsongan,Sumenep,35.29.13,Pasongsongan,Sumenep,0.9467,0.8608,candidate_same_name
ID3529120,Ambunten,Sumenep,35.29.12,Ambunten,Sumenep,0.9865,0.9293,candidate_same_name
ID3529130,Rubaru,Sumenep,35.29.15,Rubaru,Sumenep,0.9743,0.8328,candidate_same_name
ID3529140,Dasuk,Sumenep,35.29.14,Dasuk,Sumenep,0.9534,0.8857,candidate_same_name
ID3529150,Manding,Sumenep,35.29.03,Manding,Sumenep,0.9542,0.8568,candidate_same_name
ID3529160,Batuputih,Sumenep,35.29.17,Batuputih,Sumenep,0.969,0.9326,candidate_same_name
ID3529170,Gapura,Sumenep,35.29.19,Gapura,Sumenep,0.987,0.8871,candidate_same_name
ID3529180,Batang Batang,Sumenep,35.29.16,Batang Batang,Sumenep,0.9755,0.9383,candidate_same_name
ID3529190,Dungkek,Sumenep,35.29.18,Dungkek,Sumenep,0.9873,0.9602,candidate_same_name
ID3529200,Nonggunong,Sumenep,35.29.21,Nonggunong,Sumenep,0.9953,0.8697,candidate_same_name
ID3529210,Gayam,Sumenep,35.29.20,Gayam,Sumenep,0.9937,0.9382,candidate_same_name
ID3529220,Raas,Sumenep,35.29.22,"Ra""as",Sumenep,0.9532,0.8763,candidate_same_name
ID3529230,Sapeken,Sumenep,35.29.25,Sapeken,Sumenep,0.9776,0.9392,candidate_same_name
ID3529240,Arjasa,Sumenep,35.29.24,Arjasa,Sumenep,0.9803,0.951,candidate_same_name
ID3529241,Kangayan,Sumenep,35.29.27,Kangayan,Sumenep,0.9936,0.9447,candidate_same_name
ID3529250,Masalembu,Sumenep,35.29.23,Masalembu,Sumenep,0.9104,0.8351,candidate_same_name
ID3571010,Mojoroto,Kota Kediri,35.71.01,Mojoroto,Kota Kediri,0.9705,0.8354,candidate_same_name
ID3571020,Kota Kediri,Kota Kediri,35.71.02,Kota,Kota Kediri,0.8846,0.773,candidate_name_difference
ID3571030,Pesantren,Kota Kediri,35.71.03,Pesantren,Kota Kediri,0.9281,0.8458,candidate_same_name
ID3572010,Sukorejo,Kota Blitar,35.72.02,Sukorejo,Kota Blitar,0.97,0.9273,candidate_same_name
ID3572020,Kepanjenkidul,Kota Blitar,35.72.01,Kepanjenkidul,Kota Blitar,0.9801,0.9586,candidate_same_name
ID3572030,Sananwetan,Kota Blitar,35.72.03,Sananwetan,Kota Blitar,0.9733,0.9327,candidate_same_name
ID3573010,Kedungkandang,Kota Malang,35.73.03,Kedungkandang,Kota Malang,0.9851,0.962,candidate_same_name
ID3573020,Sukun,Kota Malang,35.73.04,Sukun,Kota Malang,0.9541,0.8708,candidate_same_name
ID3573030,Klojen,Kota Malang,35.73.02,Klojen,Kota Malang,0.9761,0.9472,candidate_same_name
ID3573040,Blimbing,Kota Malang,35.73.01,Blimbing,Kota Malang,0.9792,0.9522,candidate_same_name
ID3573050,Lowokwaru,Kota Malang,35.73.05,Lowokwaru,Kota Malang,0.9704,0.9345,candidate_same_name
ID3574010,Kademangan,Kota Probolinggo,35.74.01,Kademangan,Kota Probolinggo,0.9575,0.8976,candidate_same_name
ID3574011,Kedopok,Kota Probolinggo,35.74.05,Kedopok,Kota Probolinggo,0.9704,0.9315,candidate_same_name
ID3574020,Wonoasih,Kota Probolinggo,35.74.02,Wonoasih,Kota Probolinggo,0.9478,0.8618,candidate_same_name
ID3574030,Mayangan,Kota Probolinggo,35.74.03,Mayangan,Kota Probolinggo,0.971,0.9035,candidate_same_name
ID3574031,Kanigaran,Kota Probolinggo,35.74.04,Kanigaran,Kota Probolinggo,0.9742,0.9226,candidate_same_name
ID3575010,Gadingrejo,Kota Pasuruan,35.75.01,Gadingrejo,Kota Pasuruan,0.965,0.927,candidate_same_name
ID3575020,Purworejo,Kota Pasuruan,35.75.02,Purworejo,Kota Pasuruan,0.9755,0.9466,candidate_same_name
ID3575030,Bugulkidul,Kota Pasuruan,35.75.03,Bugul Kidul,Kota Pasuruan,0.9666,0.9208,candidate_same_name
ID3575031,Panggungrejo,Kota Pasuruan,35.75.04,Panggungrejo,Kota Pasuruan,0.9755,0.9327,candidate_same_name
ID3576010,Prajurit Kulon,Kota Mojokerto,35.76.01,Prajuritkulon,Kota Mojokerto,0.9734,0.9461,candidate_same_name
ID3576020,Magersari,Kota Mojokerto,35.76.02,Magersari,Kota Mojokerto,0.9837,0.9422,candidate_same_name
ID3576021,Kranggan,Kota Mojokerto,35.76.03,Kranggan,Kota Mojokerto,0.955,0.9103,candidate_same_name
ID3577010,Mangu Harjo,Kota Madiun,35.77.02,Manguharjo,Kota Madiun,0.9397,0.8327,candidate_same_name
ID3577020,Taman,Kota Madiun,35.77.03,Taman,Kota Madiun,0.9172,0.8158,candidate_same_name
ID3577030,Kartoharjo,Kota Madiun,35.77.01,Kartoharjo,Kota Madiun,0.953,0.8906,candidate_same_name
ID3578010,Karang Pilang,Kota Surabaya,35.78.01,Karang Pilang,Kota Surabaya,0.9206,0.8282,candidate_same_name
ID3578020,Jambangan,Kota Surabaya,35.78.23,Jambangan,Kota Surabaya,0.9838,0.9042,candidate_same_name
ID3578030,Gayungan,Kota Surabaya,35.78.22,Gayungan,Kota Surabaya,0.9616,0.9114,candidate_same_name
ID3578040,Wonocolo,Kota Surabaya,35.78.02,Wonocolo,Kota Surabaya,0.9858,0.9432,candidate_same_name
ID3578050,Tenggilis Mejoyo,Kota Surabaya,35.78.24,Tenggilis Mejoyo,Kota Surabaya,0.9839,0.9536,candidate_same_name
ID3578060,Gunung Anyar,Kota Surabaya,35.78.25,Gunung Anyar,Kota Surabaya,0.9754,0.9254,candidate_same_name
ID3578070,Rungkut,Kota Surabaya,35.78.03,Rungkut,Kota Surabaya,0.9797,0.9576,candidate_same_name
ID3578080,Sukolilo,Kota Surabaya,35.78.09,Sukolilo,Kota Surabaya,0.9901,0.9791,candidate_same_name
ID3578090,Mulyorejo,Kota Surabaya,35.78.26,Mulyorejo,Kota Surabaya,0.983,0.9099,candidate_same_name
ID3578100,Gubeng,Kota Surabaya,35.78.08,Gubeng,Kota Surabaya,0.9831,0.9585,candidate_same_name
ID3578110,Wonokromo,Kota Surabaya,35.78.04,Wonokromo,Kota Surabaya,0.9785,0.9465,candidate_same_name
ID3578120,Dukuh Pakis,Kota Surabaya,35.78.21,Dukuh Pakis,Kota Surabaya,0.9589,0.8974,candidate_same_name
ID3578130,Wiyung,Kota Surabaya,35.78.20,Wiyung,Kota Surabaya,0.94,0.8152,candidate_same_name
ID3578140,Lakarsantri,Kota Surabaya,35.78.18,Lakarsantri,Kota Surabaya,0.963,0.7893,candidate_same_name
ID3578141,Sambikerep,Kota Surabaya,35.78.31,Sambikerep,Kota Surabaya,0.9855,0.8742,candidate_same_name
ID3578150,Tandes,Kota Surabaya,35.78.14,Tandes,Kota Surabaya,0.9519,0.8479,candidate_same_name
ID3578160,Suko Manunggal,Kota Surabaya,35.78.27,Sukomanunggal,Kota Surabaya,0.976,0.9253,candidate_same_name
ID3578170,Sawahan,Kota Surabaya,35.78.06,Sawahan,Kota Surabaya,0.9858,0.9584,candidate_same_name
ID3578180,Tegalsari,Kota Surabaya,35.78.05,Tegalsari,Kota Surabaya,0.9902,0.9492,candidate_same_name
ID3578190,Genteng,Kota Surabaya,35.78.07,Genteng,Kota Surabaya,0.9778,0.9523,candidate_same_name
ID3578200,Tambaksari,Kota Surabaya,35.78.10,Tambaksari,Kota Surabaya,0.9816,0.9623,candidate_same_name
ID3578210,Kenjeran,Kota Surabaya,35.78.17,Kenjeran,Kota Surabaya,0.9823,0.9491,candidate_same_name
ID3578211,Bulak,Kota Surabaya,35.78.29,Bulak,Kota Surabaya,0.9791,0.8646,candidate_same_name
ID3578220,Simokerto,Kota Surabaya,35.78.11,Simokerto,Kota Surabaya,0.9671,0.9191,candidate_same_name
ID3578230,Semampir,Kota Surabaya,35.78.16,Semampir,Kota Surabaya,0.9561,0.9019,candidate_same_name
ID3578240,Pabean Cantian,Kota Surabaya,35.78.12,Pabean Cantian,Kota Surabaya,0.9652,0.9155,candidate_same_name
ID3578250,Bubutan,Kota Surabaya,35.78.13,Bubutan,Kota Surabaya,0.9881,0.9654,candidate_same_name
ID3578260,Krembangan,Kota Surabaya,35.78.15,Krembangan,Kota Surabaya,0.9733,0.9461,candidate_same_name
ID3578270,Asemrowo,Kota Surabaya,35.78.28,Asem Rowo,Kota Surabaya,0.9482,0.8792,candidate_same_name
ID3578280,Benowo,Kota Surabaya,35.78.19,Benowo,Kota Surabaya,0.9753,0.8575,candidate_same_name
ID3578281,Pakal,Kota Surabaya,35.78.30,Pakal,Kota Surabaya,0.9247,0.8542,candidate_same_name
ID3579010,Batu,Kota Batu,35.79.01,Batu,Kota Batu,0.9391,0.8393,candidate_same_name
ID3579020,Junrejo,Kota Batu,35.79.03,Junrejo,Kota Batu,0.9535,0.8152,candidate_same_name
ID3579030,Bumiaji,Kota Batu,35.79.02,Bumiaji,Kota Batu,0.9402,0.869,candidate_same_name
ID3601010,Sumur,Pandeglang,36.01.01,Sumur,Pandeglang,0.9945,0.6072,hold_boundary_or_split
ID3601020,Cimanggu,Pandeglang,36.01.02,Cimanggu,Pandeglang,0.9916,0.3785,hold_boundary_or_split
ID3601030,Cibaliung,Pandeglang,36.01.03,Cibaliung,Pandeglang,0.9849,0.9573,candidate_same_name
ID3601031,Cibitung,Pandeglang,36.01.27,Cibitung,Pandeglang,0.9937,0.9768,candidate_same_name
ID3601040,Cikeusik,Pandeglang,36.01.04,Cikeusik,Pandeglang,0.9774,0.9158,candidate_same_name
ID3601050,Cigeulis,Pandeglang,36.01.05,Cigeulis,Pandeglang,0.9858,0.9689,candidate_same_name
ID3601060,Panimbang,Pandeglang,36.01.06,Panimbang,Pandeglang,0.9865,0.9669,candidate_same_name
ID3601061,Sobang,Pandeglang,36.01.35,Sobang,Pandeglang,0.9807,0.9596,candidate_same_name
ID3601070,Munjul,Pandeglang,36.01.08,Munjul,Pandeglang,0.972,0.9397,candidate_same_name
ID3601071,Angsana,Pandeglang,36.01.07,Angsana,Pandeglang,0.9821,0.953,candidate_same_name
ID3601072,Sindangresmi,Pandeglang,36.01.31,Sindangresmi,Pandeglang,0.9433,0.8802,candidate_same_name
ID3601080,Picung,Pandeglang,36.01.11,Picung,Pandeglang,0.9684,0.9078,candidate_same_name
ID3601090,Bojong,Pandeglang,36.01.10,Bojong,Pandeglang,0.9592,0.9074,candidate_same_name
ID3601100,Saketi,Pandeglang,36.01.14,Saketi,Pandeglang,0.979,0.9366,candidate_same_name
ID3601101,Cisata,Pandeglang,36.01.23,Cisata,Pandeglang,0.9561,0.899,candidate_same_name
ID3601110,Pagelaran,Pandeglang,36.01.09,Pagelaran,Pandeglang,0.9828,0.9224,candidate_same_name
ID3601111,Patia,Pandeglang,36.01.24,Patia,Pandeglang,0.9613,0.8979,candidate_same_name
ID3601112,Sukaresmi,Pandeglang,36.01.29,Sukaresmi,Pandeglang,0.9633,0.8759,candidate_same_name
ID3601120,Labuan,Pandeglang,36.01.12,Labuan,Pandeglang,0.9598,0.9105,candidate_same_name
ID3601121,Carita,Pandeglang,36.01.28,Carita,Pandeglang,0.9842,0.9629,candidate_same_name
ID3601130,Jiput,Pandeglang,36.01.16,Jiput,Pandeglang,0.9836,0.961,candidate_same_name
ID3601131,Cikedal,Pandeglang,36.01.26,Cikedal,Pandeglang,0.9758,0.8802,candidate_same_name
ID3601140,Menes,Pandeglang,36.01.13,Menes,Pandeglang,0.9865,0.9563,candidate_same_name
ID3601141,Pulosari,Pandeglang,36.01.32,Pulosari,Pandeglang,0.9813,0.9601,candidate_same_name
ID3601150,Mandalawangi,Pandeglang,36.01.17,Mandalawangi,Pandeglang,0.9885,0.959,candidate_same_name
ID3601160,Cimanuk,Pandeglang,36.01.18,Cimanuk,Pandeglang,0.9862,0.9609,candidate_same_name
ID3601161,Cipeucang,Pandeglang,36.01.15,Cipeucang,Pandeglang,0.9765,0.9368,candidate_same_name
ID3601170,Banjar,Pandeglang,36.01.20,Banjar,Pandeglang,0.9656,0.9177,candidate_same_name
ID3601171,Kaduhejo,Pandeglang,36.01.19,Kaduhejo,Pandeglang,0.9837,0.9469,candidate_same_name
ID3601172,Mekarjaya,Pandeglang,36.01.30,Mekarjaya,Pandeglang,0.9858,0.915,candidate_same_name
ID3601180,Pandeglang,Pandeglang,36.01.21,Pandeglang,Pandeglang,0.9768,0.952,candidate_same_name
ID3601181,Majasari,Pandeglang,36.01.34,Majasari,Pandeglang,0.9713,0.8975,candidate_same_name
ID3601190,Cadasari,Pandeglang,36.01.22,Cadasari,Pandeglang,0.9498,0.8004,candidate_same_name
ID3601191,Karangtanjung,Pandeglang,36.01.25,Karang Tanjung,Pandeglang,0.9706,0.8731,candidate_same_name
ID3601192,Koroncong,Pandeglang,36.01.33,Koroncong,Pandeglang,0.9834,0.8606,candidate_same_name
ID3602010,Malingping,Lebak,36.02.01,Malingping,Lebak,0.9446,0.8887,candidate_same_name
ID3602011,Wanasalam,Lebak,36.02.21,Wanasalam,Lebak,0.9723,0.9404,candidate_same_name
ID3602020,Panggarangan,Lebak,36.02.02,Panggarangan,Lebak,0.9659,0.9167,candidate_same_name
ID3602021,Cihara,Lebak,36.02.26,Cihara,Lebak,0.9828,0.9062,candidate_same_name
ID3602030,Bayah,Lebak,36.02.03,Bayah,Lebak,0.9567,0.8556,candidate_same_name
ID3602031,Cilograng,Lebak,36.02.20,Cilograng,Lebak,0.937,0.8222,candidate_same_name
ID3602040,Cibeber,Lebak,36.02.19,Cibeber,Lebak,0.9814,0.9495,candidate_same_name
ID3602050,Cijaku,Lebak,36.02.16,Cijaku,Lebak,0.9361,0.8204,candidate_same_name
ID3602051,Cigemblong,Lebak,36.02.28,Cigemblong,Lebak,0.9706,0.899,candidate_same_name
ID3602060,Banjarsari,Lebak,36.02.09,Banjarsari,Lebak,0.9526,0.8792,candidate_same_name
ID3602070,Cileles,Lebak,36.02.10,Cileles,Lebak,0.9624,0.9129,candidate_same_name
ID3602080,Gunung Kencana,Lebak,36.02.08,Gunungkencana,Lebak,0.9562,0.8505,candidate_same_name
ID3602090,Bojongmanik,Lebak,36.02.07,Bojongmanik,Lebak,0.9391,0.8228,candidate_same_name
ID3602091,Cirinten,Lebak,36.02.27,Cirinten,Lebak,0.9181,0.7921,candidate_same_name
ID3602100,Leuwidamar,Lebak,36.02.06,Leuwidamar,Lebak,0.9494,0.8532,candidate_same_name
ID3602110,Muncang,Lebak,36.02.05,Muncang,Lebak,0.9807,0.9099,candidate_same_name
ID3602111,Sobang,Lebak,36.02.22,Sobang,Lebak,0.9976,0.9312,candidate_same_name
ID3602120,Cipanas,Lebak,36.02.04,Cipanas,Lebak,0.967,0.9089,candidate_same_name
ID3602121,Lebakgedong,Lebak,36.02.25,Lebakgedong,Lebak,0.9864,0.9638,candidate_same_name
ID3602130,Sajira,Lebak,36.02.12,Sajira,Lebak,0.9755,0.9027,candidate_same_name
ID3602140,Cimarga,Lebak,36.02.11,Cimarga,Lebak,0.982,0.949,candidate_same_name
ID3602150,Cikulur,Lebak,36.02.17,Cikulur,Lebak,0.9475,0.8958,candidate_same_name
ID3602160,Warunggunung,Lebak,36.02.15,Warunggunung,Lebak,0.9543,0.8833,candidate_same_name
ID3602170,Cibadak,Lebak,36.02.18,Cibadak,Lebak,0.9287,0.8611,candidate_same_name
ID3602180,Rangkasbitung,Lebak,36.02.14,Rangkasbitung,Lebak,0.9823,0.9504,candidate_same_name
ID3602181,Kalanganyar,Lebak,36.02.24,Kalanganyar,Lebak,0.9748,0.9083,candidate_same_name
ID3602190,Maja,Lebak,36.02.13,Maja,Lebak,0.9717,0.9302,candidate_same_name
ID3602191,Curugbitung,Lebak,36.02.23,Curugbitung,Lebak,0.9707,0.8946,candidate_same_name
ID3603010,Cisoka,Tangerang,36.03.05,Cisoka,Tangerang,0.9899,0.9204,candidate_same_name
ID3603011,Solear,Tangerang,36.03.31,Solear,Tangerang,0.9784,0.9263,candidate_same_name
ID3603020,Tigaraksa,Tangerang,36.03.03,Tigaraksa,Tangerang,0.9811,0.9608,candidate_same_name
ID3603021,Jambe,Tangerang,36.03.04,Jambe,Tangerang,0.9731,0.9213,candidate_same_name
ID3603030,Cikupa,Tangerang,36.03.18,Cikupa,Tangerang,0.9811,0.9452,candidate_same_name
ID3603040,Panongan,Tangerang,36.03.19,Panongan,Tangerang,0.9701,0.9407,candidate_same_name
ID3603050,Curug,Tangerang,36.03.17,Curug,Tangerang,0.9855,0.9511,candidate_same_name
ID3603051,Kelapa Dua,Tangerang,36.03.28,Kelapa Dua,Tangerang,0.9859,0.9296,candidate_same_name
ID3603060,Legok,Tangerang,36.03.20,Legok,Tangerang,0.9747,0.9056,candidate_same_name
ID3603070,Pagedangan,Tangerang,36.03.22,Pagedangan,Tangerang,0.9758,0.9497,candidate_same_name
ID3603081,Cisauk,Tangerang,36.03.23,Cisauk,Tangerang,0.9879,0.9532,candidate_same_name
ID3603120,Pasarkemis,Tangerang,36.03.12,Pasar Kemis,Tangerang,0.9727,0.9315,candidate_same_name
ID3603121,Sindang Jaya,Tangerang,36.03.29,Sindang Jaya,Tangerang,0.9858,0.9405,candidate_same_name
ID3603130,Balaraja,Tangerang,36.03.01,Balaraja,Tangerang,0.959,0.9002,candidate_same_name
ID3603131,Jayanti,Tangerang,36.03.02,Jayanti,Tangerang,0.9694,0.8823,candidate_same_name
ID3603132,Sukamulya,Tangerang,36.03.27,Sukamulya,Tangerang,0.9694,0.8657,candidate_same_name
ID3603140,Kresek,Tangerang,36.03.06,Kresek,Tangerang,0.9451,0.8459,candidate_same_name
ID3603141,Gunung Kaler,Tangerang,36.03.32,Gunung Kaler,Tangerang,0.9489,0.8885,candidate_same_name
ID3603150,Kronjo,Tangerang,36.03.07,Kronjo,Tangerang,0.9496,0.9,candidate_same_name
ID3603151,Mekar Baru,Tangerang,36.03.33,Mekar Baru,Tangerang,0.9548,0.8405,candidate_same_name
ID3603160,Mauk,Tangerang,36.03.08,Mauk,Tangerang,0.9565,0.8869,candidate_same_name
ID3603161,Kemiri,Tangerang,36.03.09,Kemiri,Tangerang,0.9731,0.894,candidate_same_name
ID3603162,Sukadiri,Tangerang,36.03.10,Sukadiri,Tangerang,0.9513,0.8198,candidate_same_name
ID3603170,Rajeg,Tangerang,36.03.11,Rajeg,Tangerang,0.9526,0.8919,candidate_same_name
ID3603180,Sepatan,Tangerang,36.03.16,Sepatan,Tangerang,0.9741,0.9029,candidate_same_name
ID3603181,Sepatan Timur,Tangerang,36.03.30,Sepatan Timur,Tangerang,0.9666,0.9026,candidate_same_name
ID3603190,Pakuhaji,Tangerang,36.03.15,Pakuhaji,Tangerang,0.9643,0.9117,candidate_same_name
ID3603200,Teluknaga,Tangerang,36.03.13,Teluknaga,Tangerang,0.9883,0.9403,candidate_same_name
ID3603210,Kosambi,Tangerang,36.03.14,Kosambi,Tangerang,0.9839,0.8627,candidate_same_name
ID3604010,Cinangka,Serang,36.04.31,Cinangka,Serang,0.9893,0.9635,candidate_same_name
ID3604020,Padarincang,Serang,36.04.29,Padarincang,Serang,0.9637,0.925,candidate_same_name
ID3604030,Ciomas,Serang,36.04.27,Ciomas,Serang,0.9708,0.921,candidate_same_name
ID3604040,Pabuaran,Serang,36.04.28,Pabuaran,Serang,0.9773,0.9146,candidate_same_name
ID3604041,Gunung Sari,Serang,36.04.33,Gunungsari,Serang,0.9674,0.9126,candidate_same_name
ID3604050,Baros,Serang,36.04.22,Baros,Serang,0.9652,0.8844,candidate_same_name
ID3604060,Petir,Serang,36.04.19,Petir,Serang,0.9537,0.9099,candidate_same_name
ID3604061,Tunjung Teja,Serang,36.04.20,Tunjung Teja,Serang,0.9559,0.91,candidate_same_name
ID3604080,Cikeusal,Serang,36.04.23,Cikeusal,Serang,0.9762,0.9505,candidate_same_name
ID3604090,Pamarayan,Serang,36.04.24,Pamarayan,Serang,0.9696,0.9278,candidate_same_name
ID3604091,Bandung,Serang,36.04.34,Bandung,Serang,0.9589,0.9043,candidate_same_name
ID3604100,Jawilan,Serang,36.04.26,Jawilan,Serang,0.9482,0.8977,candidate_same_name
ID3604110,Kopo,Serang,36.04.25,Kopo,Serang,0.9722,0.9263,candidate_same_name
ID3604120,Cikande,Serang,36.04.15,Cikande,Serang,0.9875,0.9466,candidate_same_name
ID3604121,Kibin,Serang,36.04.16,Kibin,Serang,0.9645,0.9248,candidate_same_name
ID3604130,Kragilan,Serang,36.04.11,Kragilan,Serang,0.973,0.9228,candidate_same_name
ID3604180,Waringinkurung,Serang,36.04.06,Waringinkurung,Serang,0.9604,0.9172,candidate_same_name
ID3604190,Mancak,Serang,36.04.32,Mancak,Serang,0.9617,0.9206,candidate_same_name
ID3604200,Anyar,Serang,36.04.30,Anyar,Serang,0.9847,0.9527,candidate_same_name
ID3604210,Bojonegara,Serang,36.04.07,Bojonegara,Serang,0.931,0.8003,candidate_same_name
ID3604211,Pulo Ampel,Serang,36.04.08,Pulo Ampel,Serang,0.9823,0.9259,candidate_same_name
ID3604220,Kramatwatu,Serang,36.04.05,Kramatwatu,Serang,0.9841,0.949,candidate_same_name
ID3604240,Ciruas,Serang,36.04.09,Ciruas,Serang,0.9551,0.8548,candidate_same_name
ID3604250,Pontang,Serang,36.04.12,Pontang,Serang,0.9828,0.9417,candidate_same_name
ID3604251,Lebak Wangi,Serang,36.04.35,Lebak Wangi,Serang,0.9542,0.876,candidate_same_name
ID3604260,Carenang,Serang,36.04.17,Carenang,Serang,0.9744,0.9448,candidate_same_name
ID3604261,Binuang,Serang,36.04.18,Binuang,Serang,0.9775,0.9354,candidate_same_name
ID3604270,Tirtayasa,Serang,36.04.13,Tirtayasa,Serang,0.9706,0.9407,candidate_same_name
ID3604271,Tanara,Serang,36.04.14,Tanara,Serang,0.9711,0.8887,candidate_same_name
ID3671010,Ciledug,Kota Tangerang,36.71.06,Ciledug,Kota Tangerang,0.9848,0.9274,candidate_same_name
ID3671011,Larangan,Kota Tangerang,36.71.13,Larangan,Kota Tangerang,0.9887,0.9254,candidate_same_name
ID3671012,Karang Tengah,Kota Tangerang,36.71.12,Karang Tengah,Kota Tangerang,0.9735,0.9283,candidate_same_name
ID3671020,Cipondoh,Kota Tangerang,36.71.05,Cipondoh,Kota Tangerang,0.9482,0.8991,candidate_same_name
ID3671021,Pinang,Kota Tangerang,36.71.11,Pinang,Kota Tangerang,0.982,0.9313,candidate_same_name
ID3671030,Tangerang,Kota Tangerang,36.71.01,Tangerang,Kota Tangerang,0.9732,0.9378,candidate_same_name
ID3671031,Karawaci,Kota Tangerang,36.71.07,Karawaci,Kota Tangerang,0.9861,0.9689,candidate_same_name
ID3671040,Jati Uwung,Kota Tangerang,36.71.02,Jatiuwung,Kota Tangerang,0.9781,0.9538,candidate_same_name
ID3671041,Cibodas,Kota Tangerang,36.71.09,Cibodas,Kota Tangerang,0.9745,0.9468,candidate_same_name
ID3671042,Periuk,Kota Tangerang,36.71.08,Periuk,Kota Tangerang,0.9836,0.966,candidate_same_name
ID3671050,Batuceper,Kota Tangerang,36.71.03,Batuceper,Kota Tangerang,0.9656,0.9176,candidate_same_name
ID3671051,Neglasari,Kota Tangerang,36.71.10,Neglasari,Kota Tangerang,0.985,0.9375,candidate_same_name
ID3671060,Benda,Kota Tangerang,36.71.04,Benda,Kota Tangerang,0.9712,0.8348,candidate_same_name
ID3672010,Ciwandan,Kota Cilegon,36.72.04,Ciwandan,Kota Cilegon,0.9715,0.9199,candidate_same_name
ID3672011,Citangkil,Kota Cilegon,36.72.08,Citangkil,Kota Cilegon,0.9729,0.9267,candidate_same_name
ID3672020,Pulomerak,Kota Cilegon,36.72.03,Pulomerak,Kota Cilegon,0.9463,0.8979,candidate_same_name
ID3672021,Purwakarta,Kota Cilegon,36.72.07,Purwakarta,Kota Cilegon,0.9343,0.8281,candidate_same_name
ID3672022,Grogol,Kota Cilegon,36.72.06,Gerogol,Kota Cilegon,0.9548,0.8725,candidate_name_difference
ID3672030,Cilegon,Kota Cilegon,36.72.02,Cilegon,Kota Cilegon,0.9481,0.859,candidate_same_name
ID3672031,Jombang,Kota Cilegon,36.72.05,Jombang,Kota Cilegon,0.9586,0.856,candidate_same_name
ID3672040,Cibeber,Kota Cilegon,36.72.01,Cibeber,Kota Cilegon,0.9366,0.8654,candidate_same_name
ID3673010,Curug,Kota Serang,36.73.04,Curug,Kota Serang,0.9685,0.9359,candidate_same_name
ID3673020,Walantaka,Kota Serang,36.73.03,Walantaka,Kota Serang,0.9753,0.9152,candidate_same_name
ID3673030,Cipocok Jaya,Kota Serang,36.73.05,Cipocok Jaya,Kota Serang,0.9621,0.9079,candidate_same_name
ID3673040,Serang,Kota Serang,36.73.01,Serang,Kota Serang,0.97,0.9145,candidate_same_name
ID3673050,Taktakan,Kota Serang,36.73.06,Taktakan,Kota Serang,0.9844,0.9465,candidate_same_name
ID3673060,Kasemen,Kota Serang,36.73.02,Kasemen,Kota Serang,0.9804,0.9417,candidate_same_name
ID3674010,Setu,Kota Tangerang Selatan,36.74.07,Setu,Kota Tangerang Selatan,0.9477,0.8913,candidate_same_name
ID3674020,Serpong,Kota Tangerang Selatan,36.74.01,Serpong,Kota Tangerang Selatan,0.9758,0.9513,candidate_same_name
ID3674030,Pamulang,Kota Tangerang Selatan,36.74.06,Pamulang,Kota Tangerang Selatan,0.9748,0.9138,candidate_same_name
ID3674040,Ciputat,Kota Tangerang Selatan,36.74.04,Ciputat,Kota Tangerang Selatan,0.9565,0.8927,candidate_same_name
ID3674050,Ciputat Timur,Kota Tangerang Selatan,36.74.05,Ciputat Timur,Kota Tangerang Selatan,0.9846,0.9402,candidate_same_name
ID3674060,Pondok Aren,Kota Tangerang Selatan,36.74.03,Pondok Aren,Kota Tangerang Selatan,0.975,0.9435,candidate_same_name
ID3674070,Serpong Utara,Kota Tangerang Selatan,36.74.02,Serpong Utara,Kota Tangerang Selatan,0.9754,0.9511,candidate_same_name
